Timestamp,UserID,Event Name,UUID,Param/redBulletsFired,Param/timesPlayerHasSwitched,Param/playerDeathAmount,Param/timesPlayerHasDied
6/11/2023 15:58:36,NULL,FiredRedBullet,8971399650e32649287ac26fa8fac129,1,,,
6/11/2023 15:58:38,NULL,FiredRedBullet,97d4f2ecc22f1711cf2bf3e4c5f4cfa0,2,,,
6/11/2023 15:58:39,NULL,FiredRedBullet,96a12b407cc9c71f93548540bea87f4f,3,,,
6/11/2023 15:58:39,NULL,FiredRedBullet,96a12b407cc9c71f93548540bea87f4f,4,,,
6/11/2023 15:58:40,NULL,FiredRedBullet,dacfc59aec2a4d3a3f156a01d7198b5c,5,,,
6/11/2023 17:40:36,NULL,TimesSwitched,d05f01c8bfd20b8f5ad9d3de2c97dbab,2,,,
6/11/2023 17:40:39,NULL,TimesSwitched,a54ea845f264ae59c911a28432c430c9,3,,,
6/11/2023 17:40:41,NULL,TimesSwitched,e70ede1053ab1c0e4df016e1a387b71c,4,,,
6/11/2023 17:40:42,NULL,TimesSwitched,0bad7c3be965c76b70269793558dcf7c,5,,,
6/11/2023 17:41:30,NULL,TimesSwitched,135e91a46ddfe5a40d69c447530b795c,,2,,
6/11/2023 17:41:31,NULL,TimesSwitched,82584dff79d48ddd4961caae2a1f2c58,,3,,
6/11/2023 17:41:32,NULL,TimesSwitched,81cbf71859407efa6643a2bbb116e47b,,4,,
6/11/2023 17:51:16,NULL,TimesSwitched,9c75f73a537565792a70c15971601562,,1,,
6/11/2023 17:51:20,NULL,TimesSwitched,09d7087420a3c4e4c16daeadea158092,,2,,
6/11/2023 17:51:21,NULL,TimesSwitched,d9e51588dd6361caa5d6b7b101b6fe86,,3,,
6/11/2023 17:51:25,NULL,TimesSwitched,31316d1bbaa5209d94c8867c2daab423,,1,,
6/11/2023 17:51:28,NULL,TimesSwitched,14a2f316a0f7555c692b9ff62783b09b,,2,,
6/11/2023 17:51:30,NULL,TimesSwitched,62f7e13b0283bf36d8ab19a631cfc823,,3,,
6/11/2023 17:51:31,NULL,TimesSwitched,762dadce5c4e3fc3e1343de7e2791c89,,4,,
6/11/2023 17:51:38,NULL,TimesSwitched,ea1144f8af3a6f8d3bde4886e8bd5ac7,,5,,
6/11/2023 17:52:28,NULL,TimesSwitched,518948aa7c0844e59e3bc5ee596aa4c8,,1,,
6/11/2023 17:52:32,NULL,TimesSwitched,adec9e2c8f44e87b5e7b9729bcd566ea,,2,,
6/11/2023 17:52:34,NULL,TimesSwitched,cc9453805bafaba6fd57690ab5d0bf21,,3,,
6/11/2023 17:52:38,NULL,TimesSwitched,c8218f37f63f132bf0a2c62926bd1ebe,,4,,
6/11/2023 17:52:40,NULL,TimesSwitched,105763bf84ebdd62e640df05f30ba83b,,5,,
6/11/2023 17:52:44,NULL,TimesSwitched,eaa3c605269e536869e7382368bb73e9,,1,,
6/11/2023 17:52:49,NULL,TimesSwitched,d75f858a2dfd46f666df861abafb5a3f,,2,,
6/11/2023 17:52:50,NULL,TimesSwitched,ee02d57fa0e77a5a0b6f903a083eda06,,3,,
6/11/2023 17:52:56,NULL,TimesSwitched,6308fe47b6f61de11c49995dcf5f4ee8,,1,,
6/11/2023 18:09:23,NULL,TimesSwitched,39a84b6312ac04c01c96127be62540e9,,1,,
6/11/2023 18:09:26,NULL,TimesSwitched,0750a0087997c8ed26536dd33ff5237e,,2,,
6/11/2023 18:09:28,NULL,TimesSwitched,21622558879c18705bb2178e73b446f3,,3,,
6/11/2023 18:09:30,NULL,TimesSwitched,34467e59924f65002ead291d145b7e56,,4,,
6/11/2023 18:09:31,NULL,TimesSwitched,914113e772f3673ea2af1e7aef0557a8,,5,,
6/11/2023 18:09:33,NULL,TimesSwitched,69556dc3ae2f50abb1ca1817cc1a2687,,6,,
6/11/2023 18:09:34,NULL,TimesSwitched,9ef4c3772625b792c926d64708c55e8c,,7,,
6/11/2023 18:09:35,NULL,TimesSwitched,3ae1ef9bad63bd4bbd40a4f807450b57,,1,,
6/11/2023 18:24:58,NULL,TimesSwitched,8b424fc12dfe3c3295d49dbc40506af8,,1,,
6/11/2023 18:25:01,NULL,TimesSwitched,de833e504544c496b1447c2236f6132b,,2,,
6/11/2023 18:25:02,NULL,TimesSwitched,9c3c96c027215966f71349ef5505b207,,3,,
6/11/2023 18:25:03,NULL,TimesSwitched,0c291368ffc37278eb14b689de405d3a,,4,,
6/11/2023 18:25:05,NULL,TimesSwitched,d4edf1b107f40605bc8183d53387385f,,5,,
6/11/2023 18:25:06,NULL,TimesSwitched,9f20608ec6c67fb3c94e70f5311d5016,,6,,
6/11/2023 18:25:07,NULL,TimesSwitched,8dc026b9a3094f18afbb228731393210,,7,,
6/11/2023 18:25:09,NULL,TimesSwitched,d16daeee3640cf424346a49e6cb69a9e,,8,,
6/11/2023 18:25:09,NULL,TimesSwitched,d16daeee3640cf424346a49e6cb69a9e,,9,,
6/11/2023 18:25:11,NULL,TimesSwitched,5a7f749aba242611cb96dce429b76cf8,,10,,
6/11/2023 18:25:12,NULL,TimesSwitched,125f8e787074063f90cd50ab51152946,,11,,
6/11/2023 18:25:13,NULL,TimesSwitched,e01dab17440031ef5ffe3df28d9c62d2,,12,,
6/11/2023 18:25:13,NULL,TimesSwitched,e01dab17440031ef5ffe3df28d9c62d2,,13,,
6/11/2023 18:25:14,NULL,TimesSwitched,3058e8512ac7ef27836ff0d445e9ec12,,14,,
6/11/2023 18:25:15,NULL,TimesSwitched,53f88e653f91be12e49242edfcbffb60,,15,,
6/11/2023 18:25:19,NULL,TimesSwitched,dd308d862a2350295a7580fad7e489d2,,16,,
6/11/2023 18:25:24,NULL,TimesSwitched,5212d2f294a6f019f8a7c1d1ddc597bc,,17,,
6/11/2023 18:25:28,NULL,TimesSwitched,fe18bb46afab1affacd677271836c5de,,18,,
6/11/2023 18:25:57,NULL,TimesSwitched,1c3bcb95d0c6279bf6b04f9e1d8c2362,,1,,
6/11/2023 18:26:01,NULL,TimesSwitched,6c1691d9a88c4c88e28c54d990b2b3d3,,2,,
6/11/2023 18:26:02,NULL,TimesSwitched,4f3c14e53b15e19d8a352ca126c604d2,,3,,
6/11/2023 18:26:03,NULL,TimesSwitched,ee60eca78f5fc70ec9ade92bd2a04fdd,,4,,
6/11/2023 18:26:04,NULL,TimesSwitched,c8d14276ccf1492ad9ccfb850edf8ba8,,5,,
6/11/2023 18:26:05,NULL,TimesSwitched,a13a407f050a732107a9d3645b8448d2,,6,,
6/11/2023 18:26:05,NULL,TimesSwitched,a13a407f050a732107a9d3645b8448d2,,7,,
6/11/2023 18:26:08,NULL,TimesSwitched,1e978003ec7e4cad4ab1350654e30795,,8,,
6/11/2023 18:26:08,NULL,TimesSwitched,1e978003ec7e4cad4ab1350654e30795,,9,,
6/11/2023 18:26:09,NULL,TimesSwitched,bc9087de3b6821434988ce0e1f922f49,,10,,
6/11/2023 18:26:10,NULL,TimesSwitched,b68cc76e656c47df2530903b9e12aefd,,11,,
6/11/2023 18:26:11,NULL,TimesSwitched,5ade278d7d05a7570ca07ad02adaf61f,,12,,
6/11/2023 18:26:12,NULL,TimesSwitched,2c5c697188c25139ef7712eab57bd8a2,,13,,
6/11/2023 18:26:13,NULL,TimesSwitched,cd53bca71c117dd4325dd546e1ce2d4c,,14,,
6/11/2023 18:26:14,NULL,TimesSwitched,06281b18d9d3d89a7b526af711db800d,,15,,
6/11/2023 18:26:15,NULL,TimesSwitched,4585db0e6a1bf3073bbdd34995e4830a,,16,,
6/11/2023 18:26:16,NULL,TimesSwitched,d872f93a40ab236398f4584e72e2506a,,17,,
6/11/2023 18:26:19,NULL,TimesSwitched,4ba12285b056a5cee65ce318067d7fcf,,18,,
6/11/2023 18:26:20,NULL,TimesSwitched,f29ad3bff5b126704691e97365f96b8d,,19,,
6/11/2023 18:26:20,NULL,TimesSwitched,f29ad3bff5b126704691e97365f96b8d,,20,,
6/11/2023 18:26:23,NULL,TimesSwitched,aaf862c27bfa802644426cb863ad309b,,21,,
6/11/2023 19:11:47,NULL,TimesSwitched,8bf359ec6b7a4a956acb19b64086d45c,,1,,
6/11/2023 19:11:51,NULL,TimesSwitched,e1710c3e4bbd0b9386b5d631f08d17a0,,2,,
6/11/2023 19:11:53,NULL,TimesSwitched,11f127002b9412e63e1d810797db3254,,3,,
6/11/2023 19:11:53,NULL,TimesSwitched,11f127002b9412e63e1d810797db3254,,4,,
6/11/2023 19:11:54,NULL,TimesSwitched,bff0a28339df0e1968adfea42da4e818,,5,,
6/11/2023 19:11:55,NULL,TimesSwitched,18844f80dc2218dbf2ecba1dffc039ff,,1,,
6/11/2023 19:11:58,NULL,TimesSwitched,3671ee3f495cf7213e4c3897379e7a41,,2,,
6/11/2023 19:11:59,NULL,TimesSwitched,fb6f080b6e79e3a8ca3344b13a1f4119,,3,,
6/11/2023 19:12:00,NULL,TimesSwitched,f8c60cc10f5c712a3b32bd4ab478b622,,4,,
6/11/2023 19:12:07,NULL,TimesSwitched,e4d421be1ed57066a10ad8de9eae3821,,5,,
6/11/2023 19:12:08,NULL,TimesSwitched,cc501b1c69280dfaec737d100eb6fc37,,6,,
6/11/2023 19:12:09,NULL,TimesSwitched,46396b1028a244a25650a74783a8da6b,,7,,
6/11/2023 19:12:12,NULL,TimesSwitched,480d5acb838b0c0c9f35f04225233b34,,8,,
6/11/2023 19:12:13,NULL,TimesSwitched,78faefd30455709dc303c858039f1c6f,,9,,
6/11/2023 19:12:13,NULL,TimesSwitched,78faefd30455709dc303c858039f1c6f,,10,,
6/11/2023 19:12:14,NULL,TimesSwitched,46891f1defe831cc4f643ca9ae22da92,,11,,
6/11/2023 19:12:15,NULL,TimesSwitched,a94ab81da3ee1acdf4a341e8b6834786,,12,,
6/11/2023 19:12:16,NULL,TimesSwitched,6324dc1237e8664a1de0cb1b7e62288e,,13,,
6/11/2023 19:12:20,NULL,TimesSwitched,34dc8d3955d4481c4592505af9199148,,14,,
6/11/2023 19:12:21,NULL,TimesSwitched,a022ceaffea24530ad7601d0edabd1e9,,15,,
6/11/2023 19:12:24,NULL,TimesSwitched,2acbf1796058891fd50f0b8ca382c692,,16,,
6/11/2023 19:13:09,NULL,TimesSwitched,d183a1b4c424ad3c42b56f0ea3941993,,1,,
6/11/2023 19:13:26,NULL,TimesSwitched,9ab2d2ce4f0de3130b9e219538676456,,1,,
6/11/2023 19:14:34,NULL,TimesSwitched,7846dc8bd4ef3453cf5d9ebef6eb5080,,1,,
6/11/2023 19:14:36,NULL,TimesSwitched,7fc8a81e2684937305dea70845653958,,2,,
6/11/2023 19:14:37,NULL,TimesSwitched,f8440529e3dc4d0c6b5ea3b343cec9eb,,3,,
6/11/2023 19:15:47,NULL,TimesSwitched,2a7fa9298b7f9268ac02cff96f86a00c,,1,,
6/11/2023 19:16:06,NULL,TimesSwitched,d2573c3cdd6d2a1099c926fc9f4adc72,,1,,
6/11/2023 19:16:22,NULL,TimesSwitched,7e0c6286382167300d6aae35fd8ca0a4,,1,,
6/11/2023 19:42:06,NULL,TimesSwitched,230393c8c20b1cb73cabaa8cbc28774e,,1,,
6/11/2023 19:42:09,NULL,TimesSwitched,7810ce68fb42e788037464eef3ff1e4f,,2,,
6/11/2023 19:42:11,NULL,TimesSwitched,e1302839dfdabcbb9dbedd662d83c496,,3,,
6/11/2023 19:42:12,NULL,TimesSwitched,ed6b6eb6430e39f86c3007a854795c88,,4,,
6/11/2023 19:42:13,NULL,TimesSwitched,411e710582eb0f886c003ddb75f9c8bf,,5,,
6/11/2023 19:42:44,NULL,TimesSwitched,703e33925197ae5e7ad5ada346923b8c,,1,,
6/11/2023 19:42:48,NULL,TimesSwitched,1e9f6285c6119ad32495b9024d52295a,,2,,
6/11/2023 19:42:49,NULL,TimesSwitched,542f253d55bfc3a17b2489b68f803349,,3,,
6/11/2023 19:42:50,NULL,TimesSwitched,f66c04b634376b9eb8f533c54a614165,,4,,
6/11/2023 19:42:52,NULL,TimesSwitched,09c9dbff88a0377a33b2c813c4e765ff,,1,,
6/11/2023 19:43:31,NULL,TimesSwitched,87be7d24f9eaff8e0353563c366b4369,,1,,
6/11/2023 19:43:34,NULL,TimesSwitched,a210c68ffd18fe335bcfe5f99630e78b,,2,,
6/11/2023 19:43:36,NULL,TimesSwitched,b08681b472bb5287004746fa61669330,,3,,
6/11/2023 19:43:36,NULL,TimesSwitched,b08681b472bb5287004746fa61669330,,4,,
6/11/2023 19:43:52,NULL,TimesSwitched,2b80f19ee2e1d61663ccda7376188c50,,1,,
6/11/2023 19:43:56,NULL,TimesSwitched,8c876e7c6318f724b38d5bba72327a0e,,2,,
6/11/2023 19:43:57,NULL,TimesSwitched,10dcc32120ea09fb1a4856708e49a78f,,3,,
6/11/2023 19:43:58,NULL,TimesSwitched,66d0f07090eac1c580eb8732681d2803,,4,,
6/11/2023 19:44:00,NULL,TimesSwitched,d2717a8b2f6afadb5eff73b51a326618,,1,,
6/11/2023 19:44:18,NULL,TimesSwitched,93abda0ed3ca043ebc2928e5da92e975,,1,,
6/11/2023 19:44:21,NULL,TimesSwitched,5f87b1aa8c4bdb57611993231f6cb422,,2,,
6/11/2023 19:44:23,NULL,TimesSwitched,3ca0786eb441de08e86eb0e6ae3103d6,,3,,
6/11/2023 19:44:24,NULL,TimesSwitched,d5020af83b9a8294c359ec2bc5e6442c,,4,,
6/11/2023 19:44:25,NULL,TimesSwitched,5ae6a76dd55a5fd9de802b4e7fc7f909,,5,,
6/11/2023 19:44:26,NULL,TimesSwitched,889b59f85942557b3e13f3836ffc873e,,6,,
6/11/2023 19:44:44,NULL,TimesSwitched,fee1a42435766f5d6d2ebc7909ce00cd,,1,,
6/11/2023 19:44:48,NULL,TimesSwitched,c09f37887a6be6724cf0efc6e0073cf3,,2,,
6/11/2023 19:44:49,NULL,TimesSwitched,0b3e04394d939419296c69fdda207435,,3,,
6/11/2023 19:44:50,NULL,TimesSwitched,e1ea6d9dd23745c4b718153e457c9e79,,4,,
6/11/2023 19:44:52,NULL,TimesSwitched,938aaab10f987f041e7f905aad7170c3,,5,,
6/11/2023 19:44:53,NULL,TimesSwitched,04443e1b38489e65b5a82873cb24f818,,6,,
6/11/2023 19:44:54,NULL,TimesSwitched,f2de406c7c3e3ccf61eb5f8c215c2724,,7,,
6/11/2023 19:44:54,NULL,TimesSwitched,f2de406c7c3e3ccf61eb5f8c215c2724,,8,,
6/11/2023 19:44:55,NULL,TimesSwitched,adf7173ad184aec37a53733e914d5ccd,,9,,
6/11/2023 19:44:56,NULL,TimesSwitched,b730ec882f16d4b0bb2ff73e8a49a0d4,,1,,
6/11/2023 19:45:00,NULL,TimesSwitched,d6dbc56d24957df2b2d2ebe96cd2cabb,,2,,
6/11/2023 19:45:01,NULL,TimesSwitched,040d2235f2150890806be2eef271d75e,,3,,
6/11/2023 19:45:02,NULL,TimesSwitched,28ebc7838cddda7b81e8359b413d22d1,,4,,
6/11/2023 19:45:03,NULL,TimesSwitched,b34b33053bef3ea3bcece15dd5d9a4cf,,5,,
6/11/2023 19:45:22,NULL,TimesSwitched,516c6199d8ef000efefba4fea7b35cb5,,1,,
6/11/2023 19:45:26,NULL,TimesSwitched,353665d1e2136e03c0b566921a7ae1d4,,2,,
6/11/2023 19:45:28,NULL,TimesSwitched,c11e2277d7438f953b576cb888d0c559,,3,,
6/11/2023 19:45:28,NULL,TimesSwitched,c11e2277d7438f953b576cb888d0c559,,4,,
6/11/2023 19:45:30,NULL,TimesSwitched,81bff05767e503426db15d2d251c6f05,,5,,
6/11/2023 19:45:31,NULL,TimesSwitched,8f0f55a3ba5c1bdc7b9e1e84dd40d88f,,6,,
6/11/2023 19:45:32,NULL,TimesSwitched,a0b26633ac033f3306cf72c0f2bc220d,,7,,
6/11/2023 19:45:33,NULL,TimesSwitched,d53ee4fdff0c66d7753854e4a0486904,,8,,
6/11/2023 19:45:34,NULL,TimesSwitched,af6e81e0d8ef7ca18a04576a34e257d8,,9,,
6/11/2023 19:45:35,NULL,TimesSwitched,9a60bce6aa9e5e7556eb916046525c48,,10,,
6/11/2023 19:45:36,NULL,TimesSwitched,475fd7215e17b8a19eea7cdd8bd83b4a,,11,,
6/11/2023 19:45:36,NULL,TimesSwitched,475fd7215e17b8a19eea7cdd8bd83b4a,,12,,
6/11/2023 19:45:38,NULL,TimesSwitched,cf52c815599165269ee0a666661f0d6f,,13,,
6/11/2023 19:45:39,NULL,TimesSwitched,9212244519bb5ee10341d0912a3796eb,,14,,
6/11/2023 19:45:40,NULL,TimesSwitched,6a8aa5fc15493e663b48448cce580b5d,,15,,
6/11/2023 19:45:41,NULL,TimesSwitched,a241ed9f9dc7f408ef705e7dea381cf7,,16,,
6/11/2023 19:45:43,NULL,TimesSwitched,5f7bd878adf079841ce43709d3126e04,,17,,
6/11/2023 19:45:45,NULL,TimesSwitched,2d71452670c1a30752f8a4327e6e673b,,18,,
6/11/2023 19:45:46,NULL,TimesSwitched,16dd1461f3e1c42a99d22f1f4b3583d0,,19,,
6/11/2023 19:45:46,NULL,TimesSwitched,16dd1461f3e1c42a99d22f1f4b3583d0,,20,,
6/11/2023 19:45:52,NULL,TimesSwitched,c22cc1c3b5cd0b0a331a95775a353d56,,21,,
6/11/2023 19:45:53,NULL,TimesSwitched,d2f8ecd8a6cbb104cf2adbd0e991e117,,22,,
6/11/2023 19:45:55,NULL,TimesSwitched,1baaf4ffddecd1d1fc7df1b213f93565,,23,,
6/11/2023 19:45:56,NULL,TimesSwitched,5b0ac1eb83e8df646b6fb233dacba492,,24,,
6/11/2023 19:45:56,NULL,TimesSwitched,5b0ac1eb83e8df646b6fb233dacba492,,25,,
6/11/2023 19:45:58,NULL,TimesSwitched,3b0e043cb67c97b16486c2d7c892744b,,26,,
6/11/2023 19:46:00,NULL,TimesSwitched,aef60cd1b1fec12b9bf063f510e5f0c3,,27,,
6/11/2023 19:46:01,NULL,TimesSwitched,2fb0fe12f7aeda111768d89ec5d53dc5,,28,,
6/11/2023 19:46:04,NULL,TimesSwitched,f41784c47b18967bb4f90ca2bf90dc76,,29,,
6/11/2023 19:46:07,NULL,TimesSwitched,bbf78cdd73c820210d24108eab95ae2b,,1,,
6/11/2023 19:46:08,NULL,TimesSwitched,1d8fa7e18ca1a36d5f4260271d22a0b5,,2,,
6/11/2023 19:46:11,NULL,TimesSwitched,18a6ca6b80bf5885b45bbcd9403717c5,,3,,
6/11/2023 19:46:12,NULL,TimesSwitched,76493d17f22870efc2fbf6ec55643e27,,4,,
6/11/2023 19:46:13,NULL,TimesSwitched,d033294da1bd6174f57f24192c74f2bb,,5,,
6/11/2023 19:46:15,NULL,TimesSwitched,1527f7069e59b5db3e24749cf2525b52,,6,,
6/11/2023 19:46:17,NULL,TimesSwitched,e75488d3cd8a53301ca24e8cb975fc8c,,7,,
6/11/2023 19:46:19,NULL,TimesSwitched,e45855fb2da53bd09e1cbd27f434abc4,,8,,
6/11/2023 19:46:20,NULL,TimesSwitched,3d36c8a2ec9efaba8962460cc301d04e,,9,,
6/11/2023 19:46:21,NULL,TimesSwitched,44b3ae2451a27135f8184862a29c10f9,,10,,
6/11/2023 19:46:22,NULL,TimesSwitched,b67a2bff489ccb2bf259a09f74b49136,,11,,
6/11/2023 19:46:26,NULL,TimesSwitched,dd2922befaf1d5c27ade4904d697e3be,,12,,
6/11/2023 19:46:27,NULL,TimesSwitched,e19b69143cec46ae4a7504bf266a4110,,13,,
6/11/2023 19:46:34,NULL,TimesSwitched,533c49960585929eb59f2fd232add1c9,,14,,
6/11/2023 19:46:35,NULL,TimesSwitched,4e9ed0899de61782a380b926af357060,,15,,
6/11/2023 19:46:37,NULL,TimesSwitched,495003e7f74b50229c008cffd5206938,,16,,
6/11/2023 19:46:37,NULL,TimesSwitched,495003e7f74b50229c008cffd5206938,,17,,
6/11/2023 19:49:12,NULL,TimesSwitched,259d54ed978c2d5f513555b6eac826d0,,1,,
6/11/2023 19:49:24,NULL,TimesSwitched,6c28781b60a8e70512945a59fa17dde9,,1,,
6/11/2023 19:49:26,NULL,TimesSwitched,c1b686f1ad71152dc2bed15208906567,,2,,
6/11/2023 19:49:28,NULL,TimesSwitched,28341b2adb0b4cf3e2a6da93d4b96791,,3,,
6/11/2023 19:49:29,NULL,TimesSwitched,23993375ce313c356c65ade41daae586,,4,,
6/11/2023 19:49:30,NULL,TimesSwitched,f1e75f1dd832af39d253b30ffcfc46f1,,5,,
6/11/2023 19:49:30,NULL,TimesSwitched,f1e75f1dd832af39d253b30ffcfc46f1,,6,,
6/11/2023 19:49:31,NULL,TimesSwitched,69df859edfa898e764fa4ecc06063f30,,7,,
6/11/2023 19:49:32,NULL,TimesSwitched,812dbadd714051738fc20e5f4e3afa4e,,8,,
6/11/2023 19:49:35,NULL,TimesSwitched,3d665c355055d57ed412f5aaaec0d6b6,,1,,
7/11/2023 14:33:44,NULL,TimesSwitched,682e9122fe63d3efbbc023401d497938,,1,,
7/11/2023 14:33:48,NULL,TimesSwitched,cf2aa9263eec2448f41328c1f1ecbd2b,,2,,
7/11/2023 14:34:11,NULL,TimesSwitched,75932ccd99f8289d7c434a8efb0205d4,,1,,
7/11/2023 14:34:19,NULL,TimesSwitched,522e99ad51fb98fabc6b1857e8ed111b,,2,,
7/11/2023 14:34:21,NULL,TimesSwitched,cebeb0ec6a9b744f636078ed610406d3,,3,,
7/11/2023 14:34:22,NULL,TimesSwitched,7f51a7e754844a276a152ed6b3390e3f,,4,,
7/11/2023 14:34:24,NULL,TimesSwitched,f2dd57a1acaab271da52fb8283b0a374,,5,,
7/11/2023 14:34:29,NULL,TimesSwitched,f7be49f4194c1b4392897bc02f63884f,,6,,
7/11/2023 14:34:31,NULL,TimesSwitched,cb7c04f6fdef9f5f4d04c73636812b16,,1,,
7/11/2023 14:34:34,NULL,TimesSwitched,c4945b976b63914663ede2d766917e87,,2,,
7/11/2023 14:34:36,NULL,TimesSwitched,4c7ab5d7f02a806ad9afc23095d4d801,,3,,
7/11/2023 14:34:46,NULL,TimesSwitched,aa3703572ac383385245d1033ac306b5,,1,,
7/11/2023 14:34:54,NULL,TimesSwitched,ec72fae0baa70ee4144417a8538a54f1,,1,,
7/11/2023 14:35:53,NULL,TimesSwitched,9460b88eb893f877f5a20d4be6ff2a3c,,1,,
7/11/2023 14:36:14,NULL,TimesSwitched,a5aaa1e8cc985dabc1ff2a5a38b0a0e4,,1,,
7/11/2023 14:36:16,NULL,TimesSwitched,0dc073d77e4d92d2fc4761d676ae5d35,,2,,
7/11/2023 14:36:18,NULL,TimesSwitched,91ad3d0c4c0a03dd009b736ba75e46c7,,3,,
7/11/2023 14:36:21,NULL,TimesSwitched,1918c587d4947ddd232ba52a9ed856c8,,1,,
7/11/2023 14:36:23,NULL,TimesSwitched,639a3f277f965539f9bf1028864091e3,,2,,
7/11/2023 14:36:24,NULL,TimesSwitched,b6be36650b2d24d5ee29f4bdc6e90a94,,3,,
7/11/2023 14:36:27,NULL,TimesSwitched,f2451efcfbc9b20394923bf93a692b56,,4,,
7/11/2023 14:36:30,NULL,TimesSwitched,e5f8f7d557846aba37646c8ceb00c11e,,5,,
7/11/2023 14:36:32,NULL,TimesSwitched,05f7092eec75fdc9409bd60e57058db5,,6,,
7/11/2023 14:36:33,NULL,TimesSwitched,5a51e55938a66f6651e3b0c3ee81846e,,7,,
7/11/2023 14:36:35,NULL,TimesSwitched,475fc185723084e835e57cb0d0368750,,1,,
7/11/2023 14:36:39,NULL,TimesSwitched,7e57b314aa3fd88b2b915a9710f9494a,,2,,
7/11/2023 14:36:40,NULL,TimesSwitched,248ec2f2eba23c1a1baf1b6a7bf2cee9,,3,,
7/11/2023 14:36:41,NULL,TimesSwitched,5d590d2a96215c67c6b0f4136d35da50,,4,,
7/11/2023 14:36:43,NULL,TimesSwitched,8d7b880b4146cb7ffd9fd95372ebb8cf,,5,,
7/11/2023 14:36:46,NULL,TimesSwitched,e26a942ac343df202ae044eaea180b22,,6,,
7/11/2023 14:36:47,NULL,TimesSwitched,65662366b19ca7698fab1f5096673449,,7,,
7/11/2023 14:36:50,NULL,TimesSwitched,2a18f816c5c83dc70887cca23974b54d,,8,,
7/11/2023 14:36:51,NULL,TimesSwitched,fc5335af8284bbf363f461764a5312c7,,9,,
7/11/2023 14:36:52,NULL,TimesSwitched,338e4ad7b59bd46bf79e4753d3ab7d13,,10,,
7/11/2023 14:36:54,NULL,TimesSwitched,2050112bc3aa39e098ac9a0b4f9a3b18,,11,,
7/11/2023 14:36:55,NULL,TimesSwitched,a2886a5e8c6ba219b976d7d3f4657afd,,12,,
7/11/2023 14:36:56,NULL,TimesSwitched,b88d26afc4ccd9e3deecb78a9121f42e,,13,,
7/11/2023 14:36:57,NULL,TimesSwitched,deb580ef848bf68874fc7f07a50604d2,,14,,
7/11/2023 14:37:01,NULL,TimesSwitched,d0197400b7a10b82d5ab0ab0ec2c1fd3,,15,,
7/11/2023 14:37:03,NULL,TimesSwitched,9eb924d153dad847a5f5b35da996687a,,16,,
7/11/2023 14:37:06,NULL,TimesSwitched,ce222f30a0ca21149e9c9d8b2eeac0e9,,17,,
7/11/2023 14:37:09,NULL,TimesSwitched,43240a715735484c05a08c8d4b3cf026,,18,,
7/11/2023 14:37:10,NULL,TimesSwitched,0277c56bf7d7447d4174798abfd410dd,,19,,
7/11/2023 14:37:11,NULL,TimesSwitched,0d75d86fabd19144b266c4465923d52c,,20,,
7/11/2023 14:37:21,NULL,TimesSwitched,4830994a03437616b8376f89c506e774,,21,,
7/11/2023 14:37:22,NULL,TimesSwitched,1102d8ef93db3b35576c8e27f3ec40f9,,22,,
7/11/2023 14:39:25,NULL,TimesSwitched,d75651cec7d642654a3187a33b65d2de,,1,,
7/11/2023 14:39:28,NULL,TimesSwitched,74ff172302182c9b7d13eae16e496a5c,,2,,
7/11/2023 14:39:30,NULL,TimesSwitched,655937b23ea0e97cb21cb783b9db668c,,3,,
7/11/2023 14:39:30,NULL,TimesSwitched,655937b23ea0e97cb21cb783b9db668c,,4,,
7/11/2023 14:39:31,NULL,TimesSwitched,acd064c979ce3fa13a8b5f3884920602,,5,,
7/11/2023 14:39:32,NULL,TimesSwitched,693059232756967c8a704026f76b2124,,6,,
7/11/2023 14:39:34,NULL,TimesSwitched,515360dbd2b40908c9fbb94e8648d1fe,,7,,
7/11/2023 14:39:35,NULL,TimesSwitched,49ed46048c496dfcc8b879884bf30964,,8,,
7/11/2023 14:39:36,NULL,TimesSwitched,b0bc19f763e5066a582cec21f0f647f9,,9,,
7/11/2023 14:39:42,NULL,TimesSwitched,e298dd5145028b47d411eb639049a40c,,10,,
7/11/2023 14:39:43,NULL,TimesSwitched,878f2e885d49c24c363db46a9cd8a45c,,11,,
7/11/2023 14:39:44,NULL,TimesSwitched,76f2d8d3b1fdbd9fe6c524710b83c58c,,12,,
7/11/2023 14:39:45,NULL,TimesSwitched,c2d41e2c94204f776d682cde2928bbfb,,13,,
7/11/2023 14:39:46,NULL,TimesSwitched,26f6020a5032340aedc95a4022b8c43c,,14,,
7/11/2023 14:39:47,NULL,TimesSwitched,e89231c2ca9d1e75ce2049a7ae5a318e,,15,,
7/11/2023 14:39:49,NULL,TimesSwitched,b4ab8db56c346ca49fad30759ae9fcb7,,16,,
7/11/2023 14:39:50,NULL,TimesSwitched,8d1612c23b1d3536282ff89bf92492b8,,17,,
7/11/2023 14:39:51,NULL,TimesSwitched,312597fef9d782c5e3ba6468598c8a56,,18,,
7/11/2023 14:39:54,NULL,TimesSwitched,0e8d0d91bda3faebd755600d60a3a3f5,,19,,
7/11/2023 14:39:56,NULL,TimesSwitched,fa080b8455c217f731d47ae90fe91194,,20,,
7/11/2023 14:39:57,NULL,TimesSwitched,03eaea2d66bed0f56c80341d40fbbdca,,21,,
7/11/2023 14:39:58,NULL,TimesSwitched,c7954b96607a1ed2ad02755669a47431,,22,,
7/11/2023 14:40:01,NULL,TimesSwitched,e1c42ecd908d4b40d532ff589d0f7f08,,23,,
7/11/2023 14:40:09,NULL,TimesSwitched,60aaae6aab73a1abbb2c3b8823193c12,,24,,
7/11/2023 14:40:10,NULL,TimesSwitched,76ad45e860ba489476d4694441f0fbed,,25,,
7/11/2023 14:40:11,NULL,TimesSwitched,f2f2ab252f311118df5532adcab43335,,26,,
7/11/2023 14:40:12,NULL,TimesSwitched,8d86b07662624a0f7bad4245df0d4ad7,,27,,
7/11/2023 14:40:14,NULL,TimesSwitched,aaba9fc230b353d8f3a9a8da417d6ba9,,28,,
7/11/2023 14:40:16,NULL,TimesSwitched,7fb10a4441fbbffd15d56c70675e6848,,29,,
7/11/2023 14:40:18,NULL,TimesSwitched,c4468295817606a69ca9401ea1b5161c,,30,,
7/11/2023 14:40:23,NULL,TimesSwitched,96558c668a50d14cf7660e84d24bbcac,,1,,
7/11/2023 14:40:24,NULL,TimesSwitched,bb6111b28d3841d8f85db022c800268b,,2,,
7/11/2023 14:40:29,NULL,TimesSwitched,3260ec21cf4a4b2688e6967b22374412,,3,,
7/11/2023 14:40:30,NULL,TimesSwitched,0e22296fb19ab1df39235380b9093189,,4,,
7/11/2023 14:40:32,NULL,TimesSwitched,38889f0bab40e4ff846b244c22596981,,5,,
7/11/2023 14:40:34,NULL,TimesSwitched,2935b06cf12fe9d45fc04f734cb65984,,6,,
7/11/2023 14:40:35,NULL,TimesSwitched,a534cf58f2b2956a819a57db9bda9cd8,,7,,
7/11/2023 14:40:36,NULL,TimesSwitched,be4e572b8264f3490c9bf1e37490ef2e,,8,,
7/11/2023 14:40:37,NULL,TimesSwitched,9085784a13fc1f1d4e3720f1e0766e96,,9,,
7/11/2023 14:40:40,NULL,TimesSwitched,32eaca9836c0d91c9a9ccf2d989e155d,,10,,
7/11/2023 14:40:42,NULL,TimesSwitched,079b55027408e6d203c1d3319fa21b17,,11,,
7/11/2023 14:40:43,NULL,TimesSwitched,0801a688ec09fa69b77f61fa5a79be67,,12,,
7/11/2023 14:40:44,NULL,TimesSwitched,a00b50956f236a8a9a220925f4be4409,,13,,
7/11/2023 14:40:50,NULL,TimesSwitched,2ea460b5f4fe470701e6ccc7d0df73fa,,14,,
7/11/2023 14:40:56,NULL,TimesSwitched,1f2a428ee2987529d1eb229a612dbf35,,15,,
7/11/2023 14:40:57,NULL,TimesSwitched,a008f8412bc7169dd9776e1a2493ebad,,16,,
7/11/2023 14:40:58,NULL,TimesSwitched,b9c1dc2cfd85d489b9c1ed02c673537f,,17,,
7/11/2023 14:40:59,NULL,TimesSwitched,dbe374886a7ba8b9abcf985e64250b9a,,18,,
7/11/2023 14:42:44,NULL,TimesSwitched,c0b845a8bf017ed6f643b1b65bce4269,,1,,
7/11/2023 14:42:54,NULL,TimesSwitched,d9b13281c6d8281f952f44b14aff6d1b,,2,,
7/11/2023 14:42:55,NULL,TimesSwitched,666a1eb6e36d62812b88dbab3e4addf5,,3,,
7/11/2023 14:42:57,NULL,TimesSwitched,2bac3a95e4156fbb23e2ed4fe04b4c45,,4,,
7/11/2023 14:42:58,NULL,TimesSwitched,d35c7799110d32a577227e93abffb795,,5,,
7/11/2023 14:43:00,NULL,TimesSwitched,150ee319beb9d5e41518b25af237e8af,,6,,
7/11/2023 14:43:01,NULL,TimesSwitched,5b268f9c631c1ef8d479c4269fb0f946,,7,,
7/11/2023 14:43:02,NULL,TimesSwitched,92e9eff4af01da1e68fa821031522076,,8,,
7/11/2023 14:43:03,NULL,TimesSwitched,3a90d7005999f694bd7c99337a7834a4,,9,,
7/11/2023 14:43:06,NULL,TimesSwitched,04850442d6952288325506a937f01cfc,,10,,
7/11/2023 14:43:07,NULL,TimesSwitched,8d901712f30b1fbac9521d18570cbf25,,11,,
7/11/2023 14:43:10,NULL,TimesSwitched,ee2995cd9576bf52ef940f735b1f2b95,,12,,
7/11/2023 14:43:11,NULL,TimesSwitched,4671013263987fb65214724cb76d7c86,,13,,
7/11/2023 14:43:12,NULL,TimesSwitched,e2003ac3a4b1f0dde2e721f77197a0d2,,14,,
7/11/2023 14:43:13,NULL,TimesSwitched,5cab51ff44c7fe0dcd64680706768f1e,,15,,
7/11/2023 14:43:15,NULL,TimesSwitched,6e08c183a036eed3dbd53cfd40446408,,16,,
7/11/2023 14:43:19,NULL,TimesSwitched,7896df669c1eda578975f2c650da9c1b,,17,,
7/11/2023 14:43:21,NULL,TimesSwitched,2a185fdcb5bdeeb579bfac36ba34e295,,18,,
7/11/2023 14:43:22,NULL,TimesSwitched,4f4993ee758c8125cf57c6df550389e0,,19,,
7/11/2023 14:43:29,NULL,TimesSwitched,1798d66822770c44440979a85eda55d9,,20,,
7/11/2023 14:43:34,NULL,TimesSwitched,9b614a8e42c237c4b1d07bf1570b22b9,,21,,
7/11/2023 14:43:37,NULL,TimesSwitched,2bac82d67646107a6f996d7ff12165c7,,22,,
7/11/2023 14:43:38,NULL,TimesSwitched,771735e8ac783a5b6facb0d60f80601e,,23,,
7/11/2023 14:43:40,NULL,TimesSwitched,66cd56898cad8e14caf7d9af4db824db,,24,,
7/11/2023 14:43:42,NULL,TimesSwitched,ac8ed97ce60ef20434d29abf28a2fa62,,25,,
7/11/2023 14:43:44,NULL,TimesSwitched,c528f0fcfa239009224646bacdbaa1fc,,26,,
7/11/2023 14:43:46,NULL,TimesSwitched,db58c586100233d9199e0c4d2bb3125c,,27,,
7/11/2023 14:43:48,NULL,TimesSwitched,ec8e881da54df582350e8c9543b80940,,28,,
7/11/2023 14:43:52,NULL,TimesSwitched,75311e0558d7bbaa2d12cc977cd47b39,,1,,
7/11/2023 14:43:55,NULL,TimesSwitched,d65a2bf954bbf3fabe99e056bd6045e8,,2,,
7/11/2023 14:43:57,NULL,TimesSwitched,2d12531606642cf5e46dd4195c369140,,3,,
7/11/2023 14:44:12,NULL,TimesSwitched,1fbeaa5ea586794fea04cc8587162e3f,,4,,
7/11/2023 14:44:13,NULL,TimesSwitched,5d13bf0c26aeb44e1876a7dbe6f5c3fe,,5,,
7/11/2023 14:44:22,NULL,TimesSwitched,21a01705cd4e777842c0f011ae634a5b,,6,,
7/11/2023 14:44:23,NULL,TimesSwitched,d1661238aa2409922ef14e6fc544af0c,,7,,
7/11/2023 14:44:24,NULL,TimesSwitched,34f0b890cde1f80f669e043f76e9ab95,,8,,
7/11/2023 14:44:26,NULL,TimesSwitched,9a4319bc7707523306fdd171009dc09f,,9,,
7/11/2023 14:44:32,NULL,TimesSwitched,7606d984b936b4a93915c95822f8c5ee,,10,,
7/11/2023 14:44:34,NULL,TimesSwitched,99c7916eaa7013aeef4638f62a7eab70,,11,,
7/11/2023 14:44:46,NULL,TimesSwitched,53ecd5a13624601aca8cdbce481bd380,,12,,
7/11/2023 14:44:47,NULL,TimesSwitched,56d70cd7a8f1846307a4d6daaaae453d,,13,,
7/11/2023 14:44:48,NULL,TimesSwitched,5d019a9266540dd4d065605341abfa46,,1,,
7/11/2023 14:44:52,NULL,TimesSwitched,693f4eba906d912cbef73bc2892375d1,,2,,
7/11/2023 14:44:54,NULL,TimesSwitched,8d6c4714c26fed80f1d982efd6dfc908,,3,,
7/11/2023 14:45:00,NULL,TimesSwitched,7cfeb444e565cd41ded0d6fffc34ff86,,1,,
7/11/2023 14:45:03,NULL,TimesSwitched,d90734e99cf0942fa8f2f91dcbf97fe5,,2,,
7/11/2023 14:45:08,NULL,TimesSwitched,ca3938826693a2f7e1cc33287b1b3e38,,3,,
7/11/2023 14:45:13,NULL,TimesSwitched,45d2ac6b8f6a1fad10ff58da5d388142,,4,,
7/11/2023 14:45:16,NULL,TimesSwitched,11cb70558237183260ced6f45e0755ba,,5,,
7/11/2023 14:45:20,NULL,TimesSwitched,6ed07e519312d74665766e25a2759208,,6,,
7/11/2023 14:45:33,NULL,TimesSwitched,7cbce365f86897664103e8a4bbc25e30,,7,,
7/11/2023 14:45:36,NULL,TimesSwitched,9dc5b5085fedb5db3ab51cf353030ae2,,8,,
7/11/2023 14:45:38,NULL,TimesSwitched,30d3068aa7f3b6002ec863f933dddf38,,9,,
7/11/2023 14:45:45,NULL,TimesSwitched,9ce5272299c00248d528ccb6c52c8cf0,,10,,
7/11/2023 14:45:46,NULL,TimesSwitched,efbf75fad0aa77bfbeb25cf83389bc49,,11,,
7/11/2023 14:45:52,NULL,TimesSwitched,315503d2603f6f4fda05dbbf3e529350,,12,,
7/11/2023 14:45:53,NULL,TimesSwitched,5d5d65aada535ea04a169f8320412c4d,,13,,
7/11/2023 14:45:56,NULL,TimesSwitched,7f86c3df9b2e4a4bbdaa8577d5fd5d59,,14,,
7/11/2023 14:45:56,NULL,TimesSwitched,7f86c3df9b2e4a4bbdaa8577d5fd5d59,,15,,
7/11/2023 14:46:00,NULL,TimesSwitched,d1a8320ef70fd9872880167c30d8c13f,,16,,
7/11/2023 14:46:13,NULL,TimesSwitched,b601b2630c109775ece4fef1f6d7b89f,,17,,
7/11/2023 14:46:14,NULL,TimesSwitched,71a39354d297b17f7d2501793440f7f1,,18,,
7/11/2023 14:46:17,NULL,TimesSwitched,a658643da6fffd83e81c09c374fe0422,,19,,
7/11/2023 14:46:19,NULL,TimesSwitched,ccf16168d654e0844a32d5978d3e2bad,,20,,
7/11/2023 14:46:20,NULL,TimesSwitched,b03086625b9b8e844c007b1bf0be39b9,,21,,
7/11/2023 14:46:21,NULL,TimesSwitched,50cdad63c6fd2ab40110efc13e17f0b5,,22,,
7/11/2023 14:46:22,NULL,TimesSwitched,87f330465b89bc35a12d8eb8c9765b04,,23,,
7/11/2023 14:46:24,NULL,TimesSwitched,34e2e260b3d00a74f8f02720cbb1133a,,24,,
7/11/2023 14:46:25,NULL,TimesSwitched,6ad69245fc0129167b964a381acdd0e4,,25,,
7/11/2023 14:46:29,NULL,TimesSwitched,5f7a384ea37e63226936a3a60001d6b9,,26,,
7/11/2023 14:46:30,NULL,TimesSwitched,cdf2f351b6727f6f772700fc72458c0e,,27,,
7/11/2023 14:46:39,NULL,TimesSwitched,783e7924fa23b19f8ed474753d844388,,28,,
7/11/2023 14:49:02,NULL,TimesSwitched,41bf92786962075a8d2ce0df5740a98c,,1,,
7/11/2023 14:49:07,NULL,TimesSwitched,98a18fc6be359d56eb926a6f90edfeec,,2,,
7/11/2023 14:49:09,NULL,TimesSwitched,b93a8be585b49624d18fa752d5284baf,,3,,
7/11/2023 14:49:10,NULL,TimesSwitched,cf3cdad10faf66609f567ea369049522,,4,,
7/11/2023 14:49:11,NULL,TimesSwitched,922f7b742ad867abfe653fcfe8f27593,,5,,
7/11/2023 14:49:13,NULL,TimesSwitched,2b3e4974593e4e69f2a82d376dd5c45d,,6,,
7/11/2023 14:49:14,NULL,TimesSwitched,6d5d05678c29936fb39ea2231a07cb9b,,7,,
7/11/2023 14:49:19,NULL,TimesSwitched,2928c7c9d979dc678c73a7fc300a6aaf,,8,,
7/11/2023 14:49:20,NULL,TimesSwitched,d28321779571aa60359e2f6f5b6da0c3,,9,,
7/11/2023 14:49:22,NULL,TimesSwitched,c2f49aeea80f8974f9963f429d5c4957,,10,,
7/11/2023 14:49:24,NULL,TimesSwitched,fb2686412004d865679b5fd79ea08fc5,,11,,
7/11/2023 14:49:26,NULL,TimesSwitched,cf34f94e396e787e65bdefbf5f144878,,12,,
7/11/2023 14:49:27,NULL,TimesSwitched,9542fcfce4494ed72d0adcd165d3b855,,13,,
7/11/2023 14:49:28,NULL,TimesSwitched,e20be43afb2d9fe14c5c654b16158a31,,14,,
7/11/2023 14:50:08,NULL,TimesSwitched,551b34b865711e95f673ad6d1bf049c5,,1,,
7/11/2023 14:50:14,NULL,TimesSwitched,1afc2688b7fc15d677bc7bd2c238fb7f,,2,,
7/11/2023 14:50:15,NULL,TimesSwitched,6dfc0d3f4a9a399225362f23d7eccf77,,3,,
7/11/2023 14:50:16,NULL,TimesSwitched,79ac3623fbf1cf2ca0646cca895fba5c,,4,,
7/11/2023 14:50:17,NULL,TimesSwitched,50a14a334966a3bb204d3a7a284ec600,,5,,
7/11/2023 14:50:18,NULL,TimesSwitched,27cb6d2c773f7d98bae3b4e475f5bd62,,6,,
7/11/2023 14:50:19,NULL,TimesSwitched,982966da39fe250280eed86ef09500b5,,7,,
7/11/2023 14:50:21,NULL,TimesSwitched,fb294696c4d1e04022e2c1bdf5b449c0,,8,,
7/11/2023 14:50:22,NULL,TimesSwitched,23c29af6628cee140b37c7b20cf86028,,9,,
7/11/2023 14:50:25,NULL,TimesSwitched,43c4c9c829db92e2c34de91524f0baa0,,10,,
7/11/2023 14:50:26,NULL,TimesSwitched,1737790c5f7a6cdfa35fd59b43e81069,,11,,
7/11/2023 14:50:27,NULL,TimesSwitched,5b094f73fd6b902774469da8e19f4274,,12,,
7/11/2023 14:50:29,NULL,TimesSwitched,b1e82629e96666d98ef5842e582667b2,,13,,
7/11/2023 14:50:30,NULL,TimesSwitched,c455c5bcad9940c3eca418af63fb7b13,,14,,
7/11/2023 14:50:32,NULL,TimesSwitched,c3ec97a91e3948cd5138caf1b6248471,,15,,
7/11/2023 14:50:36,NULL,TimesSwitched,44c42e441e078ae17ba4bae6e5bc36ba,,16,,
7/11/2023 14:50:39,NULL,TimesSwitched,e1f2293588615d565c0d92b5d5b30f53,,17,,
7/11/2023 14:50:43,NULL,TimesSwitched,0d6f1fc19d2c1cd43e31c7602e59d21a,,18,,
7/11/2023 14:50:49,NULL,TimesSwitched,94d031b0a6f32e5bdbd08c3702665860,,19,,
7/11/2023 14:50:51,NULL,TimesSwitched,a310ae10e07f80eb84815a67bb83ec28,,20,,
7/11/2023 14:51:19,NULL,TimesSwitched,9fb0b5a4fc300468c12d2b95ed1787f0,,1,,
7/11/2023 14:51:23,NULL,TimesSwitched,04e6618a64bdcec40c48c2fde1f21066,,2,,
7/11/2023 14:51:25,NULL,TimesSwitched,fdb7ff1027bb4be6b1f22be8ca53ddb7,,3,,
7/11/2023 14:51:27,NULL,TimesSwitched,604f0351f05b598b972c152577de973e,,4,,
7/11/2023 14:51:29,NULL,TimesSwitched,fc3a748012c5960af6c22672d4cc7e23,,5,,
7/11/2023 14:51:31,NULL,TimesSwitched,467b37b0105b508fe38f6b7926dece49,,6,,
7/11/2023 14:51:32,NULL,TimesSwitched,273dfb2dbba77bf2cad985d859838ff6,,7,,
7/11/2023 14:51:35,NULL,TimesSwitched,8c3e4ad3de864becebc88c0237a21fc6,,8,,
7/11/2023 14:51:36,NULL,TimesSwitched,78e38441501bd1ba881d7684899ce482,,9,,
7/11/2023 14:51:38,NULL,TimesSwitched,99b6bbe21812c68f133e07df1ceef0e9,,10,,
7/11/2023 14:51:39,NULL,TimesSwitched,6be2eaf456abbebd9a39769208a43b47,,11,,
7/11/2023 14:51:40,NULL,TimesSwitched,56b520f8a1ae9d1361e5fbc7b9bd8110,,12,,
7/11/2023 14:51:42,NULL,TimesSwitched,5d11829477b74599913b5c2c5db7e10f,,13,,
7/11/2023 14:51:46,NULL,TimesSwitched,48805a5b8b374a06a09e29d52c129432,,14,,
7/11/2023 14:51:48,NULL,TimesSwitched,0a4b976d8451c2b5a4e52703dda85878,,15,,
7/11/2023 14:51:51,NULL,TimesSwitched,4c91975a6ca0e824be18f851f4589dea,,16,,
7/11/2023 14:52:56,NULL,TimesSwitched,7c1dfc3aa5db926153bd3934ae9bb295,,1,,
7/11/2023 14:52:57,NULL,TimesSwitched,1201f8a1e077884e290d1031a845faac,,2,,
7/11/2023 19:53:37,NULL,TimesSwitched,bb65e40ff26ef62d7752f37dcfddc13a,,1,,
7/11/2023 19:53:40,NULL,TotalDeaths,62af2e80c0505e56f5c4f5d585cb22c2,,,1,
7/11/2023 19:53:41,NULL,TotalDeaths,818815f1a48f7cf9f77c38e498d048dc,,,2,
7/11/2023 19:53:41,NULL,TotalDeaths,818815f1a48f7cf9f77c38e498d048dc,,,3,
7/11/2023 19:53:41,NULL,TotalDeaths,818815f1a48f7cf9f77c38e498d048dc,,,4,
7/11/2023 19:53:41,NULL,TotalDeaths,818815f1a48f7cf9f77c38e498d048dc,,,5,
7/11/2023 19:53:41,NULL,TotalDeaths,818815f1a48f7cf9f77c38e498d048dc,,,6,
7/11/2023 19:53:41,NULL,TimesSwitched,79bb234dd3ce7d04ee6e6502fee12fba,,1,,
7/11/2023 19:57:56,NULL,TimesSwitched,ec30a98295ae085b8da479710aaa1ed3,,1,,
7/11/2023 19:58:00,NULL,TotalDeaths,25bda82396d504e810517bb794f7f64c,,,1,
7/11/2023 19:58:00,NULL,TotalDeaths,25bda82396d504e810517bb794f7f64c,,,2,
7/11/2023 19:58:00,NULL,TotalDeaths,25bda82396d504e810517bb794f7f64c,,,3,
7/11/2023 19:58:00,NULL,TotalDeaths,25bda82396d504e810517bb794f7f64c,,,4,
7/11/2023 19:58:00,NULL,TotalDeaths,25bda82396d504e810517bb794f7f64c,,,5,
7/11/2023 19:58:00,NULL,TotalDeaths,25bda82396d504e810517bb794f7f64c,,,6,
7/11/2023 19:58:00,NULL,TotalDeaths,25bda82396d504e810517bb794f7f64c,,,7,
7/11/2023 19:58:01,NULL,TotalDeaths,3c152e79fc5214047996ddcf6cfd2b36,,,8,
7/11/2023 19:58:01,NULL,TimesSwitched,63f25f1a75af8b3498e36459cf4105ec,,1,,
7/11/2023 20:01:41,NULL,TimesSwitched,2a98cf5bd59a3f94b4adef291c910abe,,1,,
7/11/2023 20:01:46,NULL,TotalDeaths,bb177ecd8224abdf305b3298913d35c5,,,1,
7/11/2023 20:01:46,NULL,TotalDeaths,bb177ecd8224abdf305b3298913d35c5,,,2,
7/11/2023 20:01:46,NULL,TotalDeaths,bb177ecd8224abdf305b3298913d35c5,,,3,
7/11/2023 20:01:46,NULL,TotalDeaths,bb177ecd8224abdf305b3298913d35c5,,,4,
7/11/2023 20:01:47,NULL,TimesSwitched,4875137ff7c787dbc444f86569b31025,,1,,
7/11/2023 20:01:51,NULL,TotalDeaths,d4fd49019f4a3023412f47482cd6ce2c,,,1,
7/11/2023 20:01:51,NULL,TotalDeaths,d4fd49019f4a3023412f47482cd6ce2c,,,2,
7/11/2023 20:01:51,NULL,TotalDeaths,d4fd49019f4a3023412f47482cd6ce2c,,,3,
7/11/2023 20:01:51,NULL,TotalDeaths,d4fd49019f4a3023412f47482cd6ce2c,,,4,
7/11/2023 20:01:51,NULL,TotalDeaths,d4fd49019f4a3023412f47482cd6ce2c,,,5,
7/11/2023 20:01:51,NULL,TotalDeaths,d4fd49019f4a3023412f47482cd6ce2c,,,6,
7/11/2023 20:01:51,NULL,TotalDeaths,d4fd49019f4a3023412f47482cd6ce2c,,,7,
7/11/2023 20:01:51,NULL,TotalDeaths,d4fd49019f4a3023412f47482cd6ce2c,,,8,
7/11/2023 20:01:52,NULL,TimesSwitched,4f9e2b540e07cd7d31958769d102fc67,,1,,
7/11/2023 20:02:48,NULL,TimesSwitched,9ad110d363110446d041f6b0bc34a3e6,,1,,
7/11/2023 20:02:52,NULL,TotalDeaths,9d8f5fe693aa45406f37842bd20c4c56,,,6,
7/11/2023 20:02:52,NULL,TimesSwitched,07c88377473cd40d8d3690c671ce0126,,1,,
7/11/2023 20:03:00,NULL,TotalDeaths,49f23c866d1e29603dd64158d404f1e1,,,6,
7/11/2023 20:03:00,NULL,TimesSwitched,31559fc2d5e53aa800c689d6f4c55594,,1,,
7/11/2023 20:17:04,NULL,TimesSwitched,57e8256f9c8123c27a689eb87e153cf6,,1,,
7/11/2023 20:17:08,NULL,TotalDeaths,cff132528bc60ef03851989f4c3f1179,,,,5
7/11/2023 20:17:08,NULL,TotalDeaths,cff132528bc60ef03851989f4c3f1179,,,,5
7/11/2023 20:17:09,NULL,TimesSwitched,49e709fa348bc469050fc418b1d12621,,1,,
7/11/2023 20:17:12,NULL,TotalDeaths,d3b0c8bc7e1580dc3c09d7fe586d77e3,,,,4
7/11/2023 20:17:12,NULL,TotalDeaths,d3b0c8bc7e1580dc3c09d7fe586d77e3,,,,4
7/11/2023 20:17:12,NULL,TimesSwitched,22017ac66c16ee818cd9c54496ac9745,,1,,
7/11/2023 20:48:20,NULL,TimesSwitched,4d7ad61180bea7c5baeb8ce51f294991,,1,,
7/11/2023 20:48:25,NULL,TotalDeaths,8e768f5cac9012e416470d768ae1ee7f,,,,5
7/11/2023 20:48:25,NULL,TimesSwitched,e061613f6abb8710ede173e0a4b607d4,,1,,
7/11/2023 20:48:37,NULL,TimesSwitched,5766cd9bd4c43862c6edb34d7c3b290d,,2,,
7/11/2023 20:48:38,NULL,TimesSwitched,aaea06658816e33293ec9674d2be4982,,3,,
7/11/2023 20:48:38,NULL,TimesSwitched,aaea06658816e33293ec9674d2be4982,,4,,
7/11/2023 20:48:44,NULL,TotalDeaths,75c5dcd009c15be67b89d7cead9b619e,,,,3
7/11/2023 20:48:44,NULL,TimesSwitched,417d6b62a50f348a151c69302b8c7cfb,,1,,
7/11/2023 20:48:55,NULL,TotalDeaths,c321f045adce63578cb7c770000cdbcc,,,,4
7/11/2023 20:48:55,NULL,TotalDeaths,c321f045adce63578cb7c770000cdbcc,,,,4
7/11/2023 20:48:56,NULL,TimesSwitched,ed990e167f17e91e2933d6fce479dac6,,1,,
7/11/2023 20:51:06,NULL,TimesSwitched,e2580cca7d8c8b0b68cb79bcbfbaea27,,1,,
7/11/2023 20:51:11,NULL,TimesSwitched,648db2a5956ea93d4f3e597b94f36a53,,1,,
7/11/2023 20:52:29,NULL,TimesSwitched,9298db622404c2d4e3fbc53c70a46c93,,1,,
7/11/2023 20:52:32,NULL,TotalDeaths,4fada75bae32ea1a7ddcc1e0ed753583,,,,6
7/11/2023 20:52:32,NULL,TotalDeaths,4fada75bae32ea1a7ddcc1e0ed753583,,,,6
7/11/2023 20:52:32,NULL,TotalDeaths,4fada75bae32ea1a7ddcc1e0ed753583,,,,6
7/11/2023 20:52:32,NULL,TotalDeaths,4fada75bae32ea1a7ddcc1e0ed753583,,,,6
7/11/2023 20:52:33,NULL,TimesSwitched,4715d0d12000ce7f649bd950ce38a4d5,,1,,
7/11/2023 21:01:21,NULL,TimesSwitched,be6da8c597166502eb3217b515a3e1b4,,1,,
7/11/2023 21:01:25,NULL,TotalDeaths,d96e7b2dc8ed5110f76b11cd9edf46ac,,,,1
7/11/2023 21:01:25,NULL,TotalDeaths,d96e7b2dc8ed5110f76b11cd9edf46ac,,,,2
7/11/2023 21:01:25,NULL,TotalDeaths,d96e7b2dc8ed5110f76b11cd9edf46ac,,,,3
7/11/2023 21:01:25,NULL,TotalDeaths,d96e7b2dc8ed5110f76b11cd9edf46ac,,,,4
7/11/2023 21:01:25,NULL,TotalDeaths,d96e7b2dc8ed5110f76b11cd9edf46ac,,,,5
7/11/2023 21:01:26,NULL,TimesSwitched,ea8ff85cb18644fa8abedafa86331a16,,1,,
7/11/2023 21:01:31,NULL,TotalDeaths,9d7725da79f9ad4d6bcca4cc808888bc,,,,1
7/11/2023 21:01:31,NULL,TotalDeaths,9d7725da79f9ad4d6bcca4cc808888bc,,,,2
7/11/2023 21:01:31,NULL,TotalDeaths,9d7725da79f9ad4d6bcca4cc808888bc,,,,3
7/11/2023 21:01:31,NULL,TotalDeaths,9d7725da79f9ad4d6bcca4cc808888bc,,,,4
7/11/2023 21:01:32,NULL,TimesSwitched,7865ced10aa1ea5108690156357af076,,1,,
7/11/2023 21:02:49,NULL,TimesSwitched,34758a49769d4b353ebb8888596f3eed,,1,,
7/11/2023 21:02:52,NULL,TotalDeaths,5b70a7f5364d02aa3a574b3f4353aa9b,,,,1
7/11/2023 21:02:52,NULL,TotalDeaths,5b70a7f5364d02aa3a574b3f4353aa9b,,,,2
7/11/2023 21:02:52,NULL,TotalDeaths,5b70a7f5364d02aa3a574b3f4353aa9b,,,,3
7/11/2023 21:02:53,NULL,TotalDeaths,802680514f0bcfc18bcfb8e65001f6ae,,,,4
7/11/2023 21:02:53,NULL,TotalDeaths,802680514f0bcfc18bcfb8e65001f6ae,,,,5
7/11/2023 21:02:53,NULL,TotalDeaths,802680514f0bcfc18bcfb8e65001f6ae,,,,6
7/11/2023 21:02:53,NULL,TotalDeaths,802680514f0bcfc18bcfb8e65001f6ae,,,,7
7/11/2023 21:02:53,NULL,TotalDeaths,802680514f0bcfc18bcfb8e65001f6ae,,,,8
7/11/2023 21:02:53,NULL,TotalDeaths,802680514f0bcfc18bcfb8e65001f6ae,,,,9
7/11/2023 21:02:53,NULL,TotalDeaths,802680514f0bcfc18bcfb8e65001f6ae,,,,10
7/11/2023 21:02:54,NULL,TimesSwitched,dd4b36880e484b09cb0b67c49c2e0504,,1,,
7/11/2023 21:02:56,NULL,TotalDeaths,d10f5f7864fc643314d982679470b702,,,,1
7/11/2023 21:02:56,NULL,TotalDeaths,d10f5f7864fc643314d982679470b702,,,,2
7/11/2023 21:02:56,NULL,TotalDeaths,d10f5f7864fc643314d982679470b702,,,,3
7/11/2023 21:02:56,NULL,TotalDeaths,d10f5f7864fc643314d982679470b702,,,,4
7/11/2023 21:02:56,NULL,TotalDeaths,d10f5f7864fc643314d982679470b702,,,,5
7/11/2023 21:02:56,NULL,TotalDeaths,d10f5f7864fc643314d982679470b702,,,,6
7/11/2023 21:02:57,NULL,TotalDeaths,c466d6c174018cc3cfb91b0362d54bb9,,,,7
7/11/2023 21:02:57,NULL,TotalDeaths,c466d6c174018cc3cfb91b0362d54bb9,,,,8
7/11/2023 21:02:57,NULL,TimesSwitched,d0130e26d012bf18e61ae05b57a3c530,,1,,
7/11/2023 21:37:57,NULL,TimesSwitched,38e07a8fe0d592f274013f3df57b454d,,1,,
7/11/2023 21:38:11,NULL,TimesSwitched,5f196fc83f50b584cecc805e6ee5b552,,1,,
7/11/2023 21:38:20,NULL,TimesSwitched,1d8116b5fce63990c1292e3ecf1e4650,,1,,
7/11/2023 21:38:22,NULL,TimesSwitched,4f6e28ae280a3f35e5f35640b275d257,,2,,
7/11/2023 21:38:23,NULL,TimesSwitched,155fcd1394724358a6620748996ae6fd,,3,,
7/11/2023 21:38:43,NULL,TimesSwitched,d1728d5e9eb1ff1208d8c8ef6f443878,,1,,
7/11/2023 21:38:45,NULL,TimesSwitched,26886b3c5047fe03c595f9e7e164d0ae,,2,,
7/11/2023 21:38:46,NULL,TimesSwitched,c6696c735a0fee36a9681065753c6f3b,,3,,
7/11/2023 21:38:48,NULL,TimesSwitched,980ee05c3dc23fa1fc145f8c69b32d55,,4,,
7/11/2023 21:38:49,NULL,TimesSwitched,b21bce5089172603b8924bc13b47d79e,,5,,
9/11/2023 17:12:37,NULL,TimesSwitched,b50c289d71aec142edcbed3eff6209ac,,1,,
9/11/2023 17:12:39,NULL,TimesSwitched,6a94c902fcf44cafd9640d0f66a7a07a,,2,,
9/11/2023 17:12:41,NULL,TimesSwitched,540d0de9f1be1663840c982aa2a3060d,,3,,
9/11/2023 17:12:42,NULL,TimesSwitched,1ec62ae888d4d60de085dca58449cd3a,,4,,
9/11/2023 17:12:43,NULL,TimesSwitched,a978ca39bd94f0a8a18e1f788af3a2eb,,5,,
9/11/2023 17:12:45,NULL,TimesSwitched,b57f8d7058075f684d4972c1ce7ae512,,6,,
9/11/2023 17:12:46,NULL,TimesSwitched,3abd74d5a7f1530c256bf7d8b366aa68,,7,,
9/11/2023 17:12:48,NULL,TimesSwitched,bfcc0f8ddebefc5c9745c8a8c4694cd3,,1,,
9/11/2023 22:46:26,NULL,TimesSwitched,809a830c31954db852a29f95f2bae61a,,1,,
9/11/2023 22:46:31,NULL,TotalDeaths,7bd8c627fb7030fd6dc333c0d78ebd5d,,,,1
9/11/2023 22:46:31,NULL,TotalDeaths,7bd8c627fb7030fd6dc333c0d78ebd5d,,,,2
9/11/2023 22:46:31,NULL,TotalDeaths,7bd8c627fb7030fd6dc333c0d78ebd5d,,,,3
9/11/2023 22:46:31,NULL,TotalDeaths,7bd8c627fb7030fd6dc333c0d78ebd5d,,,,4
9/11/2023 22:46:32,NULL,TimesSwitched,5d6abc4058627233861434936b303826,,1,,
9/11/2023 22:46:33,NULL,TimesSwitched,b89325eef171c621079ccba1a4fd5855,,2,,
9/11/2023 22:46:36,NULL,TimesSwitched,d5938a51afed2672c3190db3f93ef2b9,,3,,
9/11/2023 22:46:37,NULL,TimesSwitched,97c26fafe2a8782ef5181a835e65d391,,4,,
9/11/2023 22:46:39,NULL,TimesSwitched,fe5719f5865913acb8629cf1bcf25669,,5,,
9/11/2023 22:46:40,NULL,TimesSwitched,f192bc7e86170af47b6140eeb9be6ffc,,6,,
9/11/2023 22:46:43,NULL,TimesSwitched,e38a5d1707382359218f6f4c0672873f,,7,,
9/11/2023 22:46:44,NULL,TimesSwitched,a6221bf41dddaf2ab5514cd9fe6785d5,,8,,
9/11/2023 22:46:45,NULL,TimesSwitched,7208f35b11a65214dd7bf6da958279a7,,9,,
9/11/2023 22:46:46,NULL,TimesSwitched,61852c5f8cfe796b60143727398f33bf,,10,,
9/11/2023 22:46:47,NULL,TimesSwitched,f79845c3d9b30d6f7e1d0083c75c826e,,11,,
9/11/2023 22:46:57,NULL,TimesSwitched,9473fc84aea03e69f66be244d1098553,,1,,
9/11/2023 22:46:58,NULL,TimesSwitched,96b3edcd5f79898691538fbe3271a5af,,2,,
9/11/2023 22:47:01,NULL,TimesSwitched,873e42c0ca56dde28ded6cc897c5aad0,,3,,
9/11/2023 22:47:02,NULL,TimesSwitched,1629c3d6eaa61af0b4c5c79b8da95618,,4,,
9/11/2023 22:47:04,NULL,TimesSwitched,d64393ef8870d5b7dca22b19a8e541d8,,5,,
9/11/2023 22:47:05,NULL,TimesSwitched,88705c038a1267823ea180b919dd8a91,,6,,
9/11/2023 22:47:07,NULL,TimesSwitched,b265af5e2ace53ba4b4f675b48801dbc,,7,,
9/11/2023 22:47:09,NULL,TimesSwitched,09fef573645da8b85407c5cb2829ac24,,8,,
9/11/2023 22:47:10,NULL,TimesSwitched,a8a863159bcdd390073b53f756f390ef,,9,,
9/11/2023 22:47:11,NULL,TimesSwitched,92ea92056a49d914c0d3b58518fc6127,,10,,
9/11/2023 22:47:12,NULL,TimesSwitched,6d38acbcdfcafa71db802331070834a7,,11,,
9/11/2023 22:47:17,NULL,TimesSwitched,ac1780e94ec323c450bb155743c79fc4,,12,,
9/11/2023 22:47:19,NULL,TimesSwitched,9ea27dee10e989e942bda7761d0195cc,,13,,
9/11/2023 22:47:35,NULL,TimesSwitched,46a8f829afb95a52248671044493aa63,,1,,
9/11/2023 22:47:36,NULL,TimesSwitched,291c44a67f2a532987b2c374a7fd72fc,,2,,
9/11/2023 22:47:39,NULL,TimesSwitched,98c37fc7b689124f67fb6dfd4cbe57ac,,3,,
9/11/2023 22:47:40,NULL,TimesSwitched,9aca4ed854ec116d9b2c1674004959d1,,4,,
9/11/2023 22:47:41,NULL,TimesSwitched,cb5d9f03e52f96616fa9a5f7e9ebfd1a,,5,,
9/11/2023 22:47:43,NULL,TimesSwitched,ef129e924d61a9e05acbd37f7d56f9d3,,6,,
9/11/2023 22:47:44,NULL,TimesSwitched,04d0b78dd246dd8b4aa6c0fb0de80456,,7,,
9/11/2023 22:47:46,NULL,TimesSwitched,87847c3f93f4baca911dc7a7f174c3c0,,8,,
9/11/2023 22:47:48,NULL,TimesSwitched,1ce4be711ce423b9e13551b753466952,,9,,
9/11/2023 22:47:49,NULL,TimesSwitched,eecf7cb3e74b757412ddb0bb3bea43c4,,10,,
9/11/2023 22:47:49,NULL,TimesSwitched,eecf7cb3e74b757412ddb0bb3bea43c4,,11,,
9/11/2023 22:47:54,NULL,TimesSwitched,e1a7854eccbf945fd357dedd26bc0cad,,12,,
9/11/2023 22:47:55,NULL,TimesSwitched,77add4b6f235124939316d765bc47785,,13,,
9/11/2023 22:48:01,NULL,TimesSwitched,ba796b84382f8b128c96b01386ff7249,,14,,
9/11/2023 22:48:01,NULL,TimesSwitched,ba796b84382f8b128c96b01386ff7249,,15,,
9/11/2023 22:48:02,NULL,TimesSwitched,0c951bfe4169186873db6ff901380de6,,16,,
9/11/2023 22:48:04,NULL,TimesSwitched,98ed47cb8963fdc70e9b58e649fd5880,,17,,
9/11/2023 22:48:05,NULL,TimesSwitched,14964f29815eca0776d931470360e603,,18,,
9/11/2023 22:48:06,NULL,TimesSwitched,74a70729dc8e41771486ec8db10f2cc9,,19,,
9/11/2023 22:48:09,NULL,TimesSwitched,09025a6c1c86c10c17990b04e6bd4e27,,20,,
9/11/2023 22:48:10,NULL,TimesSwitched,ddfe31056915196dea9b9a4da9b6c029,,21,,
9/11/2023 22:48:13,NULL,TimesSwitched,12d273589db1e81022f57eabbc2132d0,,22,,
9/11/2023 22:48:13,NULL,TimesSwitched,12d273589db1e81022f57eabbc2132d0,,23,,
9/11/2023 22:48:14,NULL,TimesSwitched,d0442dba57ed5413c8ae3d98d75a1780,,24,,
9/11/2023 22:48:15,NULL,TimesSwitched,027c88dbbca468ca5b9dc0aea1bf045d,,25,,
9/11/2023 22:48:16,NULL,TimesSwitched,4f2f16a1173dead615d4d0fabccbe956,,26,,
9/11/2023 22:49:19,NULL,TimesSwitched,77cf60651a219d1c86633398ffb39ce7,,1,,
9/11/2023 22:49:21,NULL,TimesSwitched,e2140a8e8c15793b8d256bec67f718ce,,2,,
9/11/2023 22:49:23,NULL,TimesSwitched,f651ed1bd4ba727d0017bb47f9411ef8,,3,,
9/11/2023 22:49:25,NULL,TimesSwitched,eab8eefbb8e779f082817d772ee451f9,,4,,
9/11/2023 22:49:26,NULL,TimesSwitched,f96e9c72b7e3b8342673950957b8530f,,5,,
9/11/2023 22:49:28,NULL,TimesSwitched,5dba4277b222c81bae51bba49e3ae825,,6,,
9/11/2023 22:49:30,NULL,TimesSwitched,ada47d1d2aa0a63b4c2ea535a7c90045,,7,,
9/11/2023 22:49:33,NULL,TimesSwitched,e63f1342e6e40ea09fd9b42d58dae9f1,,8,,
9/11/2023 22:49:34,NULL,TimesSwitched,cd12c22c510497c6c92d2492761d18f7,,9,,
9/11/2023 22:49:35,NULL,TimesSwitched,bbc8976510332618a872839d624a0a62,,10,,
9/11/2023 22:49:36,NULL,TimesSwitched,be8b5c79537cb710cfd9e7cd19f3b872,,11,,
9/11/2023 22:49:39,NULL,TimesSwitched,2d750423f86758f3602b49db4b491755,,12,,
9/11/2023 22:49:41,NULL,TimesSwitched,6684b233d36f4219c917ad25a5e3b226,,13,,
9/11/2023 22:49:47,NULL,TimesSwitched,856fdcedf3d2225e44231db9210980dd,,14,,
9/11/2023 22:49:47,NULL,TimesSwitched,856fdcedf3d2225e44231db9210980dd,,15,,
9/11/2023 22:49:50,NULL,TimesSwitched,b751359e3b89ae42880104508cbba696,,16,,
9/11/2023 22:49:51,NULL,TimesSwitched,39392e36eeba11daf9b00c585dc5ac00,,17,,
12/11/2023 19:07:06,NULL,TimesSwitched,a3f876cf049461a4324778e1f5ecdf53,,1,,
12/11/2023 19:07:25,NULL,TimesSwitched,58ed69699fe669bd1d6dbeb4df8ac8e2,,1,,
12/11/2023 19:08:24,NULL,TimesSwitched,571599e7555d809f3f102a68eedfedaf,,1,,
12/11/2023 19:13:02,NULL,TimesSwitched,d5d5785efd924d3c9c5db43b50f71fd4,,1,,
12/11/2023 19:13:25,NULL,TimesSwitched,56265f5129809b4a07d49dee0d0dbe49,,1,,
12/11/2023 19:13:58,NULL,TimesSwitched,d263c2003cef1e4b7c5b3dc7c40a57bf,,1,,
12/11/2023 19:16:16,NULL,TimesSwitched,4bb9b695eeefbf3e3c63f7330c62977d,,1,,
12/11/2023 19:17:07,NULL,TimesSwitched,a294e83cd965457814c9c6bb2214e24c,,1,,
12/11/2023 19:17:21,NULL,TimesSwitched,51cabfbcec156ff64f5faaffb697100e,,1,,
12/11/2023 19:18:11,NULL,TimesSwitched,ebf813e9d6e130cc0a93d88167b5ff84,,1,,
12/11/2023 19:18:30,NULL,TimesSwitched,cf555ea867fd07ce963739de178c80d9,,1,,
12/11/2023 19:20:27,NULL,TimesSwitched,92562c6b1d277ca039fadeffad591d87,,1,,
12/11/2023 19:20:54,NULL,TimesSwitched,5f461e1ea5b4dcaec6702662204c5ee9,,1,,
12/11/2023 19:23:28,NULL,TimesSwitched,80d7780f178122dca83d77ae2fdf4fa9,,1,,
12/11/2023 19:23:50,NULL,TimesSwitched,9cc05e83fb381b17c7af07a0b89f44e8,,1,,
12/11/2023 19:25:30,NULL,TimesSwitched,8c25fd8dcd2d41a43753664154a42923,,1,,
12/11/2023 19:26:07,NULL,TimesSwitched,de5f28255e4089d9539a2ce734679867,,1,,
12/11/2023 19:27:50,NULL,TimesSwitched,c2f24170d8866913e1afdbe144516ed0,,1,,
12/11/2023 19:27:52,NULL,TotalDeaths,4248cfaa4b90a9a3510614821cd23c4c,,,,1
12/11/2023 19:27:52,NULL,TotalDeaths,4248cfaa4b90a9a3510614821cd23c4c,,,,2
12/11/2023 19:27:52,NULL,TotalDeaths,4248cfaa4b90a9a3510614821cd23c4c,,,,3
12/11/2023 19:27:52,NULL,TotalDeaths,4248cfaa4b90a9a3510614821cd23c4c,,,,4
12/11/2023 19:27:53,NULL,TimesSwitched,36f9fc1364d88405687ad1e4c99d77f8,,1,,
12/11/2023 19:27:53,NULL,TotalDeaths,a2886bf9de10fb0286a640cff6eac604,,,,1
12/11/2023 19:27:53,NULL,TotalDeaths,a2886bf9de10fb0286a640cff6eac604,,,,2
12/11/2023 19:27:53,NULL,TotalDeaths,a2886bf9de10fb0286a640cff6eac604,,,,3
12/11/2023 19:27:53,NULL,TotalDeaths,a2886bf9de10fb0286a640cff6eac604,,,,4
12/11/2023 19:27:53,NULL,TotalDeaths,a2886bf9de10fb0286a640cff6eac604,,,,5
12/11/2023 19:27:53,NULL,TotalDeaths,a2886bf9de10fb0286a640cff6eac604,,,,6
12/11/2023 19:27:54,NULL,TimesSwitched,6371918d9746bea3cff6f58faa5af004,,1,,
12/11/2023 19:27:54,NULL,TotalDeaths,fc1a3e3b6e3725457c777c87c2ffe898,,,,1
12/11/2023 19:27:54,NULL,TotalDeaths,fc1a3e3b6e3725457c777c87c2ffe898,,,,2
12/11/2023 19:27:55,NULL,TotalDeaths,a5ba833cab60486b84f820045de25ca6,,,,3
12/11/2023 19:27:55,NULL,TimesSwitched,ce6e2ce458c6f75c38565ceffcd84d59,,1,,
12/11/2023 19:27:55,NULL,TotalDeaths,a5ba833cab60486b84f820045de25ca6,,,,1
12/11/2023 19:27:55,NULL,TotalDeaths,a5ba833cab60486b84f820045de25ca6,,,,2
12/11/2023 19:27:55,NULL,TotalDeaths,a5ba833cab60486b84f820045de25ca6,,,,3
12/11/2023 19:27:55,NULL,TotalDeaths,a5ba833cab60486b84f820045de25ca6,,,,4
12/11/2023 19:27:56,NULL,TimesSwitched,02259a0c16c67f24482a3e0991356b4b,,1,,
12/11/2023 19:27:56,NULL,TotalDeaths,695080362e9bcdb025565f3977cc562f,,,,1
12/11/2023 19:27:57,NULL,TotalDeaths,a6595aaf5a1bc290748afd391ea58c63,,,,2
12/11/2023 19:27:57,NULL,TotalDeaths,a6595aaf5a1bc290748afd391ea58c63,,,,3
12/11/2023 19:27:57,NULL,TotalDeaths,a6595aaf5a1bc290748afd391ea58c63,,,,4
12/11/2023 19:27:57,NULL,TimesSwitched,8c165b00164a6cf303865a80971c0f56,,1,,
12/11/2023 19:27:58,NULL,TotalDeaths,365267f9c3be09386797000f96f092b0,,,,1
12/11/2023 19:27:58,NULL,TotalDeaths,365267f9c3be09386797000f96f092b0,,,,2
12/11/2023 19:27:58,NULL,TotalDeaths,365267f9c3be09386797000f96f092b0,,,,3
12/11/2023 19:27:58,NULL,TotalDeaths,365267f9c3be09386797000f96f092b0,,,,4
12/11/2023 19:27:59,NULL,TimesSwitched,e1a910d18619fb06a8c3b2bacf75c9e4,,1,,
12/11/2023 19:27:59,NULL,TotalDeaths,973f9ec9a41bf34cebff41c2a1ef26d2,,,,1
12/11/2023 19:27:59,NULL,TotalDeaths,973f9ec9a41bf34cebff41c2a1ef26d2,,,,2
12/11/2023 19:27:59,NULL,TotalDeaths,973f9ec9a41bf34cebff41c2a1ef26d2,,,,3
12/11/2023 19:28:00,NULL,TotalDeaths,d0cb49065e4b1197e6bc05115ed5f9aa,,,,4
12/11/2023 19:28:00,NULL,TimesSwitched,480b4b30db4566e681444aecc16ac510,,1,,
12/11/2023 19:29:05,NULL,TimesSwitched,1f0537e8dafc5fad03ebfa2272f2b445,,1,,
12/11/2023 19:30:51,NULL,TimesSwitched,ee19bd1b4b045bb7826092a51ee3f4ff,,1,,
12/11/2023 19:31:01,NULL,TimesSwitched,c9e1f0ac1bb0408b252fe083ddfbfc22,,1,,
12/11/2023 19:31:10,NULL,TimesSwitched,4fd17b7c9cf16dd45eff575a2d17a061,,1,,
12/11/2023 19:31:26,NULL,TimesSwitched,4bab2358c705762ed61dd7d8baf0b2cd,,1,,
12/11/2023 19:31:37,NULL,TimesSwitched,3b8953fa88c82edcfbd7fce684385074,,1,,
12/11/2023 19:31:46,NULL,TimesSwitched,2f698bea6cf9c9bf47b549ad8b66d721,,1,,
12/11/2023 19:31:50,NULL,TotalDeaths,8ff9642792be29d8433b29d1c77691c8,,,,1
12/11/2023 19:31:51,NULL,TimesSwitched,c64e58542d1addeb33657c59b997035b,,1,,
12/11/2023 19:32:03,NULL,TimesSwitched,d327add89f0974a2a50184f3f4749f26,,1,,
12/11/2023 19:32:13,NULL,TimesSwitched,5eb2c0f10871c8c69aadec79a7ab3fd0,,1,,
12/11/2023 19:32:34,NULL,TimesSwitched,0ccc8c9c3d242874b9c9da473a924b1d,,1,,
12/11/2023 19:33:30,NULL,TimesSwitched,b360ff22e90650860f7037c5ab0b9a49,,1,,
12/11/2023 19:33:37,NULL,TotalDeaths,495d616c305a5a8cd1a1eb9d5e2cf0ae,,,,1
12/11/2023 19:33:38,NULL,TotalDeaths,6f2d43a003c291c39a2e485ce256e09b,,,,2
12/11/2023 19:33:38,NULL,TimesSwitched,593f95b672463dc8ce15b74d876caa97,,1,,
12/11/2023 19:33:42,NULL,TotalDeaths,fb7030336ce0abb9b26644ef80e7fbca,,,,1
12/11/2023 19:33:43,NULL,TimesSwitched,edb7c00b823e248fe80d120145135a6e,,1,,
12/11/2023 19:35:29,NULL,TimesSwitched,72a5560fa12469782f15f096de567429,,1,,
12/11/2023 19:36:08,NULL,TimesSwitched,c216d7284d3889ba93a01c5af84554b9,,1,,
12/11/2023 19:36:18,NULL,TimesSwitched,621f0a6f7a85033c46d71f45d556c073,,1,,
12/11/2023 19:40:01,NULL,TimesSwitched,d6305fee37144a13f689171a76d9533f,,1,,
12/11/2023 19:40:27,NULL,TimesSwitched,9c1a08dbdcfa55ef5edcbf528acc91ac,,1,,
12/11/2023 19:43:20,NULL,TimesSwitched,5fa98caecb05f0299c3c29d2d66f34a0,,1,,
12/11/2023 19:43:31,NULL,TotalDeaths,5cd9b28c5383746c624dbdeae1966845,,,,1
12/11/2023 19:43:32,NULL,TotalDeaths,5d82396a62215df6d6d073aafa77e25f,,,,2
12/11/2023 19:43:32,NULL,TimesSwitched,e3f13b37adb7a8dcc43386adf1df78e5,,1,,
12/11/2023 19:43:36,NULL,TotalDeaths,ae428d6d38fd5e02a88ab1c71241e4e2,,,,1
12/11/2023 19:43:36,NULL,TotalDeaths,ae428d6d38fd5e02a88ab1c71241e4e2,,,,2
12/11/2023 19:43:36,NULL,TotalDeaths,ae428d6d38fd5e02a88ab1c71241e4e2,,,,3
12/11/2023 19:43:37,NULL,TimesSwitched,4adc606c6cec815a40f953cf2590e4d9,,1,,
12/11/2023 19:44:03,NULL,TimesSwitched,24c972f591e45c925849479d83afd2d2,,1,,
12/11/2023 19:44:18,NULL,TimesSwitched,7cb0875588e11a5eb84a94f11b46e5c9,,2,,
12/11/2023 19:44:19,NULL,TimesSwitched,5e0397cc97055b550afc61c6099dfe32,,3,,
12/11/2023 19:45:34,NULL,TimesSwitched,d37f29b51653fc79c763594a75d6ebff,,1,,
12/11/2023 19:46:20,NULL,TimesSwitched,282fee3767712ff95c0d5aa8efeff5bb,,1,,
12/11/2023 19:50:42,NULL,TimesSwitched,583b73a70b08387b08e774d090bb1cc4,,1,,
12/11/2023 19:51:03,NULL,TimesSwitched,f21fb1f1a657b5c3240170d8f46a3cc0,,1,,
12/11/2023 19:51:16,NULL,TimesSwitched,d6bc8ba63eb56a59f46e951f2c5934f8,,1,,
12/11/2023 19:51:28,NULL,TimesSwitched,e58f3a9dc1d78897cb3bee3ad0973185,,1,,
12/11/2023 19:51:51,NULL,TimesSwitched,3811cb78cbfc50224817921274c57c52,,1,,
12/11/2023 19:52:02,NULL,TimesSwitched,ac519a66948ce0f72df2dfe73a924b01,,1,,
12/11/2023 19:52:11,NULL,TimesSwitched,b0db9ae3d7122ec79093fe90fa649353,,1,,
12/11/2023 19:52:41,NULL,TimesSwitched,e846073951a9c50591edb5b3a7afe5bf,,1,,
12/11/2023 19:52:58,NULL,TimesSwitched,dbe4c059a3078cdab9a725775376dac6,,1,,
12/11/2023 19:53:10,NULL,TimesSwitched,2f35c4bdb67e85e6c33b0b193d588125,,1,,
12/11/2023 19:55:46,NULL,TimesSwitched,a7c67e2c134709491f3fc7411261b8b0,,1,,
12/11/2023 19:56:17,NULL,TimesSwitched,3f962a96a6052a0439c0064f4f9a875b,,1,,
12/11/2023 19:56:26,NULL,TimesSwitched,e97b84f49e390c6172c4c91b7b22d8bf,,1,,
12/11/2023 19:57:10,NULL,TimesSwitched,a205fbee0308b78ca8711d3d9ecd8623,,1,,
12/11/2023 19:57:51,NULL,TimesSwitched,d867f2ba1bc74e6603b9ab242b9d18d5,,1,,
12/11/2023 19:58:18,NULL,TimesSwitched,a91409bdf872f8727fbd84c908517363,,1,,
12/11/2023 19:58:29,NULL,TimesSwitched,310ee1b4dc293382e1634b4f7af6e08e,,1,,
12/11/2023 19:59:22,NULL,TimesSwitched,60b685be0d05515663e4fad4dab5a54e,,1,,
12/11/2023 19:59:53,NULL,TimesSwitched,71c256d447a70e3a5760465d6e59bc2c,,1,,
12/11/2023 20:00:01,NULL,TimesSwitched,ba8bbe88b7843532b798aa81f51704c3,,1,,
12/11/2023 20:02:15,NULL,TimesSwitched,8079959cb4bd1f2cdae7253a0abff4e9,,1,,
12/11/2023 20:03:49,NULL,TimesSwitched,c1d71a492541da48537b96b58d2fe882,,1,,
12/11/2023 20:05:18,NULL,TimesSwitched,2277b81fd9e73dfd4fe3c4b2d7db3e99,,1,,
12/11/2023 20:07:13,NULL,TimesSwitched,643734406d98a6427ccd3e020036b881,,1,,
12/11/2023 20:07:25,NULL,TimesSwitched,a2e20254cf317abda3587eb9054e61ce,,1,,
12/11/2023 20:08:28,NULL,TimesSwitched,f34bc6216aa547e2b4b0236a6d421e68,,1,,
12/11/2023 20:11:22,NULL,TimesSwitched,c4ea0546f6d8e64da9e02c981bd74634,,1,,
12/11/2023 20:12:08,NULL,TimesSwitched,ccaca82b6bd58dc99ec7eaefc7f21109,,1,,
12/11/2023 20:12:23,NULL,TimesSwitched,3167d8bca101c1ffdc160f5e61871efa,,1,,
12/11/2023 20:12:36,NULL,TimesSwitched,b09d220b8b1369178f09b99c73bd6783,,1,,
12/11/2023 20:13:38,NULL,TimesSwitched,97af9c06fd57f28c7996163319ce270e,,1,,
12/11/2023 20:13:51,NULL,TimesSwitched,d084fe383753ef9582a3112364b0a9f2,,1,,
12/11/2023 20:14:55,NULL,TimesSwitched,325dc17524f0ff9156e999e31e5930b3,,1,,
12/11/2023 20:16:12,NULL,TimesSwitched,1eb700058238aae430c74900680c86f4,,1,,
12/11/2023 20:16:31,NULL,TimesSwitched,5b422b08808b31e8c729cd50d2b944df,,1,,
12/11/2023 20:17:13,NULL,TimesSwitched,efe19987a107578c1d073deb81cdae52,,1,,
12/11/2023 20:17:35,NULL,TimesSwitched,e22ea44acc7cfd1d2612cb9e50bd1507,,1,,
12/11/2023 20:19:14,NULL,TimesSwitched,8fdee4a5ae40753cc7a932b33ab99590,,1,,
12/11/2023 20:19:31,NULL,TimesSwitched,b0f351e62747fc48e908d5b3edb409bc,,1,,
12/11/2023 20:20:08,NULL,TimesSwitched,4390557f45bfa6187bbc49649871141e,,1,,
12/11/2023 20:20:14,NULL,TotalDeaths,5a2cd575522d5eac2d9b912674dba2e1,,,,1
12/11/2023 20:20:15,NULL,TimesSwitched,099b414cd6975f5a25d9b6bbbe4fcf7b,,1,,
12/11/2023 20:22:52,NULL,TimesSwitched,ce430a1a453bf2130e40e70f8a4a189c,,1,,
12/11/2023 20:23:09,NULL,TimesSwitched,d31ceadf2bb5dffc9eda0e21d0d3348b,,1,,
12/11/2023 20:26:29,NULL,TimesSwitched,de78f2befe076c277845a541ae81307c,,1,,
12/11/2023 20:27:16,NULL,TimesSwitched,105c2d2bf3b1f0201c819318e209e456,,1,,
12/11/2023 20:27:49,NULL,TimesSwitched,803df718fbee840d42db829316d8e32a,,1,,
12/11/2023 20:28:07,NULL,TotalDeaths,f6338ed28f922eb3acc65221ecc67336,,,,1
12/11/2023 20:28:08,NULL,TimesSwitched,7ac0e0ff9fbc7fced44de5efeacec7be,,1,,
12/11/2023 20:28:12,NULL,TotalDeaths,1ff80272a8f9c67e650ec46ee74d198c,,,,1
12/11/2023 20:28:12,NULL,TotalDeaths,1ff80272a8f9c67e650ec46ee74d198c,,,,2
12/11/2023 20:28:13,NULL,TimesSwitched,d0701d957d7d15cf966f1e9cc2edf7be,,1,,
12/11/2023 20:28:27,NULL,TotalDeaths,bce6f900c04c86e12ea692f4e919f86b,,,,1
12/11/2023 20:28:28,NULL,TotalDeaths,58b8b3aa30a5494bac608a251943a32d,,,,2
12/11/2023 20:28:28,NULL,TimesSwitched,e7a62e2dfdffe62650a154f9c1defe74,,1,,
12/11/2023 20:28:53,NULL,TotalDeaths,669bd7ccb1ac4d475320e068eaef3e11,,,,1
12/11/2023 20:28:53,NULL,TotalDeaths,669bd7ccb1ac4d475320e068eaef3e11,,,,2
12/11/2023 20:28:54,NULL,TimesSwitched,241128a34a5c1d6decd61efb14e4ecca,,1,,
12/11/2023 20:29:12,NULL,TotalDeaths,255738a71e5dfe4b91b8484f74634422,,,,1
12/11/2023 20:29:13,NULL,TimesSwitched,424d4d946e9b7aadfc4486ce0c982cf3,,1,,
12/11/2023 20:30:40,NULL,TimesSwitched,8c801c49f9734ff05c62f6c909201634,,1,,
12/11/2023 20:30:54,NULL,TimesSwitched,07052260295e966711e01019761e6ca6,,1,,
12/11/2023 21:14:16,NULL,TimesSwitched,7c56deba56c7be9ed119ead184f63923,,1,,
12/11/2023 21:15:37,NULL,TimesSwitched,11b02ddfe5d619c35a8b4dd21159e6c1,,1,,
12/11/2023 21:18:25,NULL,TimesSwitched,166cfc4345fb6bab06bf1431f53cfa09,,1,,
12/11/2023 21:18:48,NULL,TimesSwitched,a52575c73b2bd3492471bf891a40b378,,1,,
12/11/2023 21:19:21,NULL,TimesSwitched,c6f409fb979eb113f51be319ffc9b1aa,,1,,
12/11/2023 21:21:10,NULL,TimesSwitched,14e26a10384ceb0a60b7e3010e1b141b,,1,,
12/11/2023 21:23:55,NULL,TimesSwitched,f8e8a271ced2879fce371fc8e35e7733,,1,,
12/11/2023 21:24:11,NULL,TimesSwitched,6a8e993d4cc00502af0ecc9d93de3036,,1,,
12/11/2023 21:24:33,NULL,TimesSwitched,d4d9b1228a6103d37c1796a89495a073,,1,,
12/11/2023 21:24:48,NULL,TimesSwitched,9e58999731f6140667c559b4b1c356d5,,1,,
12/11/2023 21:25:21,NULL,TimesSwitched,8e7e92d0160b14dac4af4655a7be0c7b,,1,,
12/11/2023 21:26:20,NULL,TimesSwitched,aab2b8dbd84764a60227864a0f2bdbe0,,1,,
12/11/2023 21:27:43,NULL,TimesSwitched,f5b5e973b38b8e190b7b37b710f59da7,,1,,
12/11/2023 21:28:14,NULL,TimesSwitched,4182e6c7ce3cc1288f38c337b7a75127,,1,,
12/11/2023 21:35:12,NULL,TimesSwitched,7c0715aa823d87fac6f25c96cbf12871,,1,,
12/11/2023 21:36:07,NULL,TimesSwitched,d7a43272852beba4f5f9255e1b669bbc,,1,,
12/11/2023 21:36:31,NULL,TimesSwitched,cd351dbe845d26c007e6db42b3f6a8b3,,1,,
12/11/2023 21:39:03,NULL,TimesSwitched,3d5479fa6d7ce0f88f30926996e665f8,,1,,
12/11/2023 21:39:14,NULL,TimesSwitched,4e5be7fea2ad1ecec744bff2e132efb3,,1,,
12/11/2023 21:40:04,NULL,TimesSwitched,b6913f66cc5c2e091ab2e647d9ada406,,1,,
12/11/2023 21:40:53,NULL,TimesSwitched,0ffb22a07ea27c4ac7dac3a5863f9233,,1,,
12/11/2023 21:42:35,NULL,TimesSwitched,814fefb9e0bced4ee01e626064f43568,,1,,
12/11/2023 21:43:53,NULL,TimesSwitched,f986628ef3bc8563ecb4d9fd81aeff4a,,1,,
12/11/2023 21:44:43,NULL,TimesSwitched,469efcebd6aee8fed50996b3819f6b27,,1,,
12/11/2023 21:45:29,NULL,TimesSwitched,faf42b17820fbdab21ce580364d10e35,,1,,
12/11/2023 21:45:53,NULL,TimesSwitched,db000b0a05503027dd8b04bddb6f9b0c,,1,,
12/11/2023 21:46:15,NULL,TimesSwitched,0c57cc0bea460db1f86571008a05c51b,,1,,
12/11/2023 21:46:28,NULL,TimesSwitched,12dfc42ecfb6e701a3d614d4adc20c3e,,1,,
12/11/2023 21:46:35,NULL,TotalDeaths,310c1617aba7f75f5de72b010c2baf21,,,,1
12/11/2023 21:46:36,NULL,TimesSwitched,92a9f1f7f9db64289eb5eae0bc7772b8,,1,,
12/11/2023 21:47:16,NULL,TimesSwitched,6f4e409f9965d9a378ca91fb805185a1,,1,,
12/11/2023 21:47:30,NULL,TimesSwitched,a1564b7d13ce180a06c8d4f2da18c69d,,1,,
12/11/2023 21:47:51,NULL,TimesSwitched,fe111c44d9f18b80fb14f9e67535eb03,,1,,
12/11/2023 21:48:04,NULL,TotalDeaths,8109cd030bac9627e5d7b8154e624aff,,,,1
12/11/2023 21:48:05,NULL,TimesSwitched,f1134c4f8babd7d7373823bb1a7b2538,,1,,
12/11/2023 21:48:22,NULL,TimesSwitched,35b97ac57691778eef4d65d20c26e226,,1,,
12/11/2023 21:48:51,NULL,TimesSwitched,00d38fad08e75f221e9abe7d8a915b62,,1,,
12/11/2023 21:48:56,NULL,TotalDeaths,944670d2385a9107662ebeb62a3be341,,,,1
12/11/2023 21:48:57,NULL,TimesSwitched,af1e63781dfa22d8a083fcb7e033f760,,1,,
12/11/2023 21:49:00,NULL,TotalDeaths,c8223d4bbfa86cf92887f9f07b9ee472,,,,1
12/11/2023 21:49:01,NULL,TimesSwitched,28559a98bc97d105cb18a2fb086dec83,,1,,
12/11/2023 21:49:05,NULL,TotalDeaths,5ffb09db05c5f565154b2eaf7af49491,,,,1
12/11/2023 21:49:05,NULL,TotalDeaths,5ffb09db05c5f565154b2eaf7af49491,,,,2
12/11/2023 21:49:06,NULL,TimesSwitched,d53b58f9aea19c98414e3088d65c9caa,,1,,
12/11/2023 21:50:17,NULL,TimesSwitched,19b701e582ea89835016f762c3b25f21,,1,,
12/11/2023 21:50:42,NULL,TimesSwitched,a4fc62d19aeb7a34495f713f9c07ad83,,1,,
12/11/2023 21:50:55,NULL,TotalDeaths,01c0bbe4b0e05c06efb8f61cc8156fd1,,,,1
12/11/2023 21:50:55,NULL,TotalDeaths,01c0bbe4b0e05c06efb8f61cc8156fd1,,,,2
12/11/2023 21:50:56,NULL,TotalDeaths,e7fd7e4ed69c75380e2b92ccee0793ec,,,,3
12/11/2023 21:50:56,NULL,TimesSwitched,201d9acda6687d0c60234b598b570efb,,1,,
12/11/2023 21:51:16,NULL,TimesSwitched,140ac0e60a53e5285730422b3aa69e6d,,1,,
12/11/2023 21:51:34,NULL,TotalDeaths,4d7c362d3e68a80f0e0d69d9c8401b26,,,,1
12/11/2023 21:51:35,NULL,TimesSwitched,36206e47cd3e84411c81af08d4460650,,1,,
12/11/2023 21:52:40,NULL,TimesSwitched,9ed43bd9be313c31c1822dcb051a2447,,1,,
12/11/2023 21:53:16,NULL,TimesSwitched,80aa6e9d6add4e5daf91a39a8bc245fb,,1,,
12/11/2023 21:56:56,NULL,TimesSwitched,07dc7367ec4532093a29708666b40ac0,,1,,
12/11/2023 22:02:22,NULL,TimesSwitched,8fa52e3e8fd706dbdc180b1ed70dc0b4,,1,,
12/11/2023 22:04:50,NULL,TimesSwitched,511d5fd7ab8ef996d4579c6c614400e8,,1,,
12/11/2023 22:05:05,NULL,TimesSwitched,2e4168e116faea8c83e3abd5cc4b51da,,1,,
12/11/2023 22:05:57,NULL,TimesSwitched,4c55ef1db970405d15502d0267ed87e1,,1,,
12/11/2023 22:07:34,NULL,TimesSwitched,22ca0bc5c26c2154b9e33f994cad23b7,,1,,
12/11/2023 22:07:45,NULL,TimesSwitched,aa1786b2805c86d89edcd481a0fed6b8,,2,,
12/11/2023 22:07:46,NULL,TotalDeaths,7c462d31bc6aa7d3f7891825fa23280e,,,,1
12/11/2023 22:07:47,NULL,TotalDeaths,d80cf17bf764ba2703c9086e43323815,,,,2
12/11/2023 22:07:47,NULL,TotalDeaths,d80cf17bf764ba2703c9086e43323815,,,,3
12/11/2023 22:07:47,NULL,TimesSwitched,45b4c61723f3b01fd86fa061f3482ed3,,1,,
12/11/2023 22:08:04,NULL,TimesSwitched,016aac2d50e09e039da0f9a42c1d28f3,,1,,
12/11/2023 22:08:13,NULL,TimesSwitched,17242d03fd6b9dbc78dff5385a8f57bb,,2,,
12/11/2023 22:08:42,NULL,TimesSwitched,125129b04888a74cf1fd27f3ece3de3d,,1,,
12/11/2023 22:08:53,NULL,TotalDeaths,3c965dd3b8ab3af7fce4f0b61fc2a288,,,,1
12/11/2023 22:08:54,NULL,TimesSwitched,8254e6f64c076c21edf6be6e2a2f8980,,1,,
